title,rating,read_status,date_added,date_last_updated
Soğuk Kahve,3,read,2015-05-27 17:39:31 UTC,2015-05-27 17:40:35 UTC
Sabah Uykum,4,read,2015-05-27 17:40:39 UTC,2015-05-27 17:41:22 UTC
The Green Mile,3,read,2015-05-27 17:41:52 UTC,2015-05-27 17:42:56 UTC
Looking for Alaska,0,to-read,2015-05-27 17:43:14 UTC,2015-05-27 17:43:15 UTC
Paper Towns,0,to-read,2015-05-27 17:43:24 UTC,2015-05-27 17:43:24 UTC
The Fault in Our Stars,5,read,2015-05-27 17:43:36 UTC,2015-05-27 17:43:56 UTC
Həyat sandığı (Qaranlıq günəş #2),5,read,2015-05-27 17:44:09 UTC,2015-05-27 17:44:34 UTC
"Xeyrin Çöküşü (Qaranlıq Günəş, #1)",4,read,2015-05-27 17:44:37 UTC,2015-05-27 17:45:01 UTC
The Kite Runner,5,read,2015-05-27 17:45:33 UTC,2015-05-27 18:00:48 UTC
A Thousand Splendid Suns,5,read,2015-05-27 17:46:15 UTC,2015-05-27 18:00:46 UTC
And the Mountains Echoed,4,read,2015-05-27 17:46:36 UTC,2015-05-27 18:00:45 UTC
İtmiş Qızın Axtarışı,4,read,2015-05-27 17:47:05 UTC,2015-05-27 18:00:42 UTC
Görünməyən İzlər,4,read,2015-05-27 17:47:39 UTC,2015-05-27 18:00:40 UTC
Dilənçi Qadının Sirri,4,read,2015-05-27 17:48:08 UTC,2015-05-27 18:00:39 UTC
Xəyanət,5,read,2015-05-27 17:48:56 UTC,2016-06-23 17:51:13 UTC
Bakıdan Gələn Xəfiyyə,4,read,2015-05-27 17:49:00 UTC,2017-07-24 06:23:01 UTC
"Mockingjay (The Hunger Games, #3)",0,to-read,2015-05-27 17:49:22 UTC,2025-12-29 00:45:38 UTC
"Catching Fire (The Hunger Games, #2)",0,to-read,2015-05-27 17:49:23 UTC,2025-12-29 00:45:30 UTC
"The Hunger Games (The Hunger Games, #1)",5,read,2015-05-27 17:49:25 UTC,2025-12-29 00:45:21 UTC
Dəli Kür,4,read,2015-05-27 17:50:26 UTC,2015-05-27 17:50:47 UTC
Les Misérables,5,read,2015-05-27 17:51:34 UTC,2015-05-27 17:51:50 UTC
Notre-Dame de Paris,4,read,2015-05-27 17:52:59 UTC,2015-05-27 18:00:16 UTC
Ümidlərin İzi İlə,5,read,2015-05-27 17:53:58 UTC,2015-05-27 17:54:16 UTC
Sirlər xəzinəsi,4,read,2015-05-27 17:54:43 UTC,2020-06-28 17:37:37 UTC
Yeddi gözəl,4,read,2015-05-27 17:55:12 UTC,2020-06-28 17:35:42 UTC
İsgəndərnamə,3,read,2015-05-27 17:55:25 UTC,2015-05-27 17:55:35 UTC
Leyli və Məcnun,5,read,2015-05-27 17:55:38 UTC,2017-01-17 07:44:31 UTC
"Xosrov və Şirin (Xəmsə, #2)",4,read,2015-05-27 17:55:51 UTC,2021-06-28 15:49:56 UTC
"Eşitdiklərim, oxuduqlarım, gördüklərim",5,read,2015-05-27 17:56:18 UTC,2015-05-27 17:56:35 UTC
Aklından Bir Sayı Tut,5,read,2015-05-27 17:57:09 UTC,2015-05-27 17:57:20 UTC
"Senden Önce Ben (Senden Önce Ben, #1)",5,read,2015-05-27 17:58:24 UTC,2015-05-27 17:58:36 UTC
"Duman ve Kemiğin Kızı (Duman ve Kemiğin Kızı, #1)",5,read,2015-05-27 18:12:00 UTC,2015-11-13 17:16:55 UTC
"Dreams of Gods & Monsters (Daughter of Smoke & Bone, #3)",4,read,2015-05-27 18:12:35 UTC,2018-05-13 14:51:22 UTC
"The Unbecoming of Mara Dyer (Mara Dyer, #1)",0,to-read,2015-05-27 18:14:01 UTC,2015-05-27 18:14:02 UTC
"Magonia (Magonia, #1)",0,to-read,2015-05-27 18:14:08 UTC,2015-05-27 18:14:09 UTC
Çalıkuşu,5,read,2015-05-27 18:15:42 UTC,2015-05-27 18:15:56 UTC
"The Mystery of the Blue Train (Hercule Poirot, #6)",4,read,2015-05-27 18:17:01 UTC,2015-05-27 18:17:22 UTC
Nabatat həkimi müsyo Jordan ilə cadükün dərviş Məstəli-şahın hekayəsi,4,read,2015-05-27 18:21:00 UTC,2015-05-27 18:21:25 UTC
Molla İbrahim-Xəlil kimyagər,4,read,2015-05-27 18:21:30 UTC,2015-05-27 18:21:41 UTC
Hacı-Qara. Sərgüzəşti-mərdi xəsis,4,read,2015-05-27 18:21:46 UTC,2015-05-27 18:21:57 UTC
Hekayəti Xırsi-Quldurbasan,4,read,2015-05-27 18:22:00 UTC,2015-05-27 18:22:11 UTC
Koroğlu Dastanı,5,read,2015-05-27 18:22:23 UTC,2015-05-27 18:22:35 UTC
Kitabi-Dədə Qorqud,5,read,2015-05-27 18:22:38 UTC,2020-08-24 12:14:38 UTC
The Snow Queen,5,read,2015-05-27 18:24:27 UTC,2015-05-27 18:24:48 UTC
Ər. Lənət. Oyunbazlar: Pyeslər,5,read,2015-05-27 18:27:45 UTC,2022-08-10 22:45:18 UTC
Sevil,5,read,2015-05-27 18:28:43 UTC,2015-05-27 18:29:06 UTC
Solğun çiçəklər,4,read,2015-05-27 18:29:33 UTC,2015-05-27 18:29:45 UTC
Almaz,5,read,2015-05-27 18:29:55 UTC,2015-05-27 18:30:04 UTC
Dönüş,4,read,2015-05-27 18:30:08 UTC,2015-05-27 18:30:19 UTC
1905-ci ildə,5,read,2015-05-27 18:30:23 UTC,2015-05-27 18:30:43 UTC
Vəfalı Səriyyə yaxud Göz yaşları içərisində gülüş,5,read,2015-05-27 18:30:47 UTC,2015-05-27 18:30:58 UTC
Yaşar,3,read,2015-05-27 18:31:03 UTC,2015-05-27 18:31:11 UTC
Alice in Wonderland,4,read,2015-05-27 18:33:01 UTC,2015-05-27 18:33:11 UTC
Şeyx Sənan,4,read,2015-05-27 18:34:15 UTC,2015-05-27 18:34:47 UTC
Robinson Crusoe,4,read,2015-05-27 18:34:52 UTC,2015-05-27 18:35:10 UTC
The Prince and the Pauper,4,read,2015-05-27 18:36:01 UTC,2015-05-27 18:36:19 UTC
The Adventures of Tom Sawyer,4,read,2015-05-27 18:36:27 UTC,2015-05-27 18:36:37 UTC
"Black Coffee (Hercule Poirot, #7.5)",3,read,2015-07-14 10:25:17 UTC,2015-07-14 10:25:44 UTC
Marslı,5,read,2015-07-27 12:24:43 UTC,2015-07-27 12:25:53 UTC
"Beyaz Nokta (Kötü Çocuk, #1)",2,read,2015-08-01 08:22:13 UTC,2015-08-01 08:23:59 UTC
Son Mohikan,3,read,2015-08-02 11:55:54 UTC,2015-08-05 11:49:14 UTC
Ivanov (Plays for Performance Series),3,read,2015-08-06 11:55:56 UTC,2015-08-08 08:29:03 UTC
The Seagull,2,read,2015-08-08 08:30:30 UTC,2016-10-06 04:15:35 UTC
Hava Məbədi,3,read,2015-08-25 07:37:01 UTC,2015-08-25 09:10:47 UTC
Gulliver’s Travels,4,read,2015-08-29 08:35:15 UTC,2015-08-30 17:57:10 UTC
Yaşlı Adam ve Deniz,4,read,2015-08-30 17:58:18 UTC,2015-09-01 12:43:18 UTC
Kurtlara Söyle Eve Döndüm,5,read,2015-09-01 12:44:08 UTC,2015-09-08 11:36:32 UTC
"Meleğin Düşüşü (Penryn & the End of Days, #1)",5,read,2015-09-04 09:11:47 UTC,2015-09-14 15:19:33 UTC
Keşke Senden Nefret Edebilseydim,4,read,2015-09-23 09:20:39 UTC,2017-07-24 06:27:12 UTC
Adsız Tablo,5,read,2015-09-25 04:33:55 UTC,2017-07-24 06:32:47 UTC
"The A.B.C. Murders (Hercule Poirot, #13)",4,read,2015-10-03 12:52:02 UTC,2015-11-13 17:16:02 UTC
Dönüşüm,4,read,2015-11-13 17:18:06 UTC,2015-11-13 17:18:25 UTC
The Bungalow,5,read,2015-11-15 16:08:12 UTC,2015-11-15 16:08:30 UTC
"Karanlık Aşk (Karanlık Aşk, #1)",5,read,2016-06-23 17:35:32 UTC,2016-06-23 17:48:01 UTC
"Her Şeye Rağmen (Karanlık Aşk, #2)",4,read,2016-06-23 17:35:44 UTC,2016-06-23 17:48:40 UTC
The Diary of a Young Girl,4,read,2016-06-23 17:36:12 UTC,2016-06-23 17:47:17 UTC
Gözlənilən bir qətlin tarixçəsi,5,read,2016-06-23 17:37:48 UTC,2016-10-20 12:44:29 UTC
And Then There Were None,5,read,2016-06-23 17:40:51 UTC,2016-06-23 17:45:37 UTC
Bir Ovuc Torpaq,5,read,2016-06-23 17:41:42 UTC,2016-06-23 17:45:14 UTC
"Appointment with Death (Hercule Poirot, #19)",5,read,2016-06-23 17:42:36 UTC,2016-06-23 17:44:49 UTC
100 Meşhur Aşk,4,read,2016-06-23 17:43:08 UTC,2016-06-23 17:45:48 UTC
Beş mərtəbəli evin altıncı mərtəbəsi,5,read,2017-07-24 06:03:33 UTC,2017-07-24 06:25:01 UTC
Ağ liman,3,read,2017-07-24 06:03:55 UTC,2018-05-13 14:56:16 UTC
Ölüm hökmü,0,to-read,2017-07-24 06:04:34 UTC,2020-06-06 23:57:15 UTC
Mahmut ile Meryem,3,read,2017-07-24 06:04:41 UTC,2017-07-24 06:22:06 UTC
Ağ dəvə,3,read,2017-07-24 06:04:47 UTC,2017-07-24 06:31:29 UTC
"Hayat Devam Ediyor (Karanlık Aşk, #3)",4,read,2017-07-24 06:05:19 UTC,2017-07-24 06:36:30 UTC
Pulla alınmış günahlar,5,read,2017-07-24 06:05:38 UTC,2017-07-24 06:38:33 UTC
Kapitan Qrantın uşaqları,5,read,2017-07-24 06:06:26 UTC,2017-07-24 06:17:26 UTC
Əzilmiş Fotoşəkillər,4,read,2017-07-24 06:07:02 UTC,2017-07-24 06:30:39 UTC
Məhəbbətin Gizli Kodu,4,read,2017-07-24 06:07:45 UTC,2017-07-24 06:37:21 UTC
KVAN,4,read,2017-07-24 06:08:08 UTC,2017-07-24 06:35:19 UTC
Antabus,5,read,2017-07-24 06:09:06 UTC,2017-07-24 06:18:32 UTC
"When It Rains (Rains, #1)",4,read,2017-07-24 06:09:23 UTC,2017-07-24 06:29:35 UTC
Kocan Kadar Konuş (Kocan Kadar Konuş #1),5,read,2017-07-24 06:10:19 UTC,2017-07-24 06:21:04 UTC
The Stranger,4,read,2017-07-24 06:10:42 UTC,2017-07-24 06:26:13 UTC
Chess Story,5,read,2017-07-24 06:11:51 UTC,2017-07-24 06:34:04 UTC
Gülüstandan öncə,5,read,2017-08-31 10:16:17 UTC,2017-10-01 15:02:51 UTC
Kahve Kokulu Hikayeler,4,read,2017-10-01 14:47:34 UTC,2017-10-01 14:48:12 UTC
Kör Baykuş,4,read,2017-10-01 14:48:43 UTC,2017-10-01 15:01:47 UTC
Sancaqlı Kölgələr və Leyla Xuni,0,to-read,2017-11-14 18:37:42 UTC,2017-11-14 18:37:43 UTC
In the Penal Colony,5,read,2017-12-27 18:36:26 UTC,2017-12-27 18:37:22 UTC
Onu Kim Unudar,5,read,2017-12-27 18:37:41 UTC,2017-12-27 18:38:10 UTC
Evim,3,read,2017-12-27 18:38:28 UTC,2017-12-27 18:39:00 UTC
Beyaz Zambaklar Ülkesinde,5,read,2017-12-27 18:39:24 UTC,2017-12-27 18:40:01 UTC
Bir Fincan Dostluk,5,read,2017-12-27 18:40:22 UTC,2017-12-27 18:40:49 UTC
Xudafərin Körpüsü,5,read,2017-12-27 18:41:12 UTC,2017-12-27 18:41:38 UTC
Actus Reus,3,read,2017-12-27 18:41:56 UTC,2017-12-27 18:42:33 UTC
"Wonder (Wonder, #1)",4,read,2017-12-27 18:43:00 UTC,2017-12-27 18:43:34 UTC
Bilinmeyen Bir Kadının Mektubu,5,read,2017-12-27 18:47:49 UTC,2017-12-27 18:48:18 UTC
Bir Kadının Yaşamından 24 Saat ve Bir Yüreğin Ölümü,5,read,2017-12-27 18:48:43 UTC,2021-02-05 20:58:53 UTC
"War Horse (War Horse, #1)",5,read,2017-12-27 18:49:39 UTC,2017-12-27 18:50:11 UTC
Kırmızı Pelerinli Kent,4,read,2017-12-27 18:51:51 UTC,2017-12-27 18:52:19 UTC
Kar Tanelerinin Bir Bildiği Var,5,read,2018-01-03 18:52:56 UTC,2018-01-03 18:53:20 UTC
Fobi,5,read,2018-01-04 10:55:01 UTC,2018-12-31 21:40:52 UTC
The Things We Do for Love,5,read,2018-01-26 19:08:33 UTC,2018-01-31 19:20:13 UTC
Three Daughters of Eve,5,read,2018-02-01 18:48:09 UTC,2018-02-01 18:48:29 UTC
"Harry Potter and the Sorcerer's Stone (Harry Potter, #1)",5,read,2018-02-01 18:49:22 UTC,2024-01-23 14:58:39 UTC
Papatya Kokulu Hikayeler,5,read,2018-03-10 13:14:57 UTC,2018-03-10 13:15:34 UTC
Faust,3,read,2018-05-13 14:41:02 UTC,2025-06-19 07:59:50 UTC
"Kan ve Yıldız Işığı Günleri (Duman ve Kemiğin Kızı, #2)",5,read,2018-05-13 14:43:42 UTC,2018-05-13 14:46:26 UTC
"Daughter of Smoke & Bone (Daughter of Smoke & Bone, #1)",5,read,2018-05-13 14:44:33 UTC,2018-05-13 14:45:53 UTC
One Plus One Equals Three: A Masterclass in Creative Thinking,5,read,2018-05-13 14:47:18 UTC,2018-05-13 14:47:35 UTC
"The Da Vinci Code (Robert Langdon, #2)",5,read,2018-05-13 14:48:23 UTC,2018-05-13 14:48:52 UTC
White Fang,5,read,2018-05-13 14:49:41 UTC,2018-05-13 14:49:57 UTC
The Book Thief,5,read,2018-05-13 14:50:19 UTC,2018-05-13 14:50:36 UTC
Ángeles caídos (El fin de los tiempos nº 1),5,read,2018-05-13 14:52:34 UTC,2018-11-23 18:28:32 UTC
Jonathan Livingston Seagull,5,read,2018-05-13 14:53:17 UTC,2018-05-13 14:53:34 UTC
Romeo and Juliet,4,read,2018-05-13 14:54:05 UTC,2018-05-13 14:54:30 UTC
"Günlerin Sonu (Penryn and the End of Days, #3)",4,read,2018-05-18 16:54:13 UTC,2018-05-18 16:55:05 UTC
Küçük Kara Balık,5,read,2018-05-19 17:31:37 UTC,2018-05-19 17:32:02 UTC
Gerçekçiler İçin Ütopya- Kusursuz Dünyayı Nasıl İnşa Edebiliriz ?,4,read,2019-01-01 20:35:03 UTC,2020-02-26 20:42:33 UTC
"Kurttan Kurda (Wolf by Wolf, #1)",0,to-read,2019-02-20 11:45:35 UTC,2019-02-20 11:45:35 UTC
21 Lessons for the 21st Century,0,to-read,2019-06-01 19:41:53 UTC,2019-12-27 21:51:17 UTC
Bir Cüt Qanad,0,to-read,2019-06-02 17:24:51 UTC,2019-06-02 17:24:51 UTC
"Destanlar Çağı (İlk İmparatorluğun Efsaneleri, #1)",0,to-read,2019-06-02 17:25:41 UTC,2019-06-02 17:25:41 UTC
"Lies of the Beholder (Legion, #3)",5,read,2019-06-07 20:40:06 UTC,2020-01-13 21:43:21 UTC
Kürk Mantolu Madonna,5,read,2019-06-08 20:44:14 UTC,2019-06-17 20:56:28 UTC
Romanov,0,to-read,2019-06-08 20:48:27 UTC,2019-06-08 20:48:27 UTC
"House of Many Ways (Howl's Moving Castle, #3)",0,to-read,2019-06-08 20:50:08 UTC,2019-06-08 20:50:08 UTC
"Castle in the Air (Howl's Moving Castle, #2)",0,to-read,2019-06-08 20:50:26 UTC,2019-06-08 20:50:26 UTC
Hiccup: The Viking who was Seasick,0,to-read,2019-06-08 20:51:40 UTC,2019-06-08 20:51:40 UTC
"How to Train Your Dragon (How to Train Your Dragon, #1)",0,to-read,2019-06-08 20:51:42 UTC,2019-06-08 20:51:42 UTC
"How to Train Your Viking, by Toothless the Dragon",0,to-read,2019-06-08 20:51:44 UTC,2019-06-08 20:51:44 UTC
"How to Be a Pirate (How to Train Your Dragon, #2)",0,to-read,2019-06-08 20:51:46 UTC,2019-06-08 20:51:46 UTC
"How to Speak Dragonese (How to Train Your Dragon, #3)",0,to-read,2019-06-08 20:51:48 UTC,2019-06-08 20:51:48 UTC
The Incomplete Book of Dragons,0,to-read,2019-06-08 20:51:49 UTC,2023-09-24 19:18:08 UTC
"How to Cheat a Dragon's Curse (How to Train Your Dragon, #4)",0,to-read,2019-06-08 20:51:50 UTC,2019-06-08 20:51:50 UTC
"How to Twist a Dragon's Tale (How to Train Your Dragon, #5)",0,to-read,2019-06-08 20:51:52 UTC,2019-06-08 20:51:52 UTC
"A Hero's Guide to Deadly Dragons (How to Train Your Dragon, #6)",0,to-read,2019-06-08 20:51:52 UTC,2019-06-08 20:51:52 UTC
The Complete Book of Dragons: A Guide to Dragon Species (How to Train Your Dragon),0,to-read,2019-06-08 20:51:54 UTC,2019-06-08 20:51:54 UTC
"How to Ride a Dragon's Storm (How to Train Your Dragon, #7)",0,to-read,2019-06-08 20:51:55 UTC,2019-06-08 20:51:55 UTC
"How to Break a Dragon's Heart (How to Train Your Dragon, #8)",0,to-read,2019-06-08 20:51:56 UTC,2019-06-08 20:51:56 UTC
"How to Steal a Dragon's Sword (How to Train Your Dragon, #9)",0,to-read,2019-06-08 20:51:57 UTC,2019-06-08 20:51:57 UTC
"How to Seize a Dragon's Jewel (How to Train Your Dragon, #10)",0,to-read,2019-06-08 20:51:58 UTC,2019-06-08 20:51:58 UTC
"How to Betray a Dragon's Hero (How to Train Your Dragon, #11)",0,to-read,2019-06-08 20:51:59 UTC,2019-06-08 20:51:59 UTC
"How to Fight a Dragon’s Fury (How To Train Your Dragon, #12)",0,to-read,2019-06-08 20:52:00 UTC,2019-06-08 20:52:00 UTC
"How to Train Your Dragon (How to Train Your Dragon, #1-9)",0,to-read,2019-06-08 20:52:12 UTC,2019-06-08 20:52:12 UTC
Tepki,0,to-read,2019-06-10 15:27:21 UTC,2019-06-10 19:55:19 UTC
Hold Back the Stars,4,read,2019-06-11 16:19:23 UTC,2020-03-14 15:36:53 UTC
Göz,5,read,2019-06-17 17:52:56 UTC,2019-06-19 14:32:17 UTC
"The Ballad of Songbirds and Snakes (The Hunger Games, #0)",0,to-read,2019-06-17 20:55:44 UTC,2025-12-29 00:46:06 UTC
Me and Earl and the Dying Girl,0,to-read,2019-06-19 06:07:14 UTC,2019-06-19 06:07:14 UTC
Tanrı'nın Formülü,0,to-read,2019-06-19 14:34:25 UTC,2020-01-03 11:44:55 UTC
"""XAN"" Xatirə Ədəbiyyatı silsiləsi",0,read,2019-06-19 14:35:25 UTC,2019-06-19 14:35:26 UTC
"Moby-Dick or, The Whale",0,to-read,2019-07-04 11:21:04 UTC,2025-12-29 00:48:04 UTC
Oqtay Eloğlu,5,read,2019-07-06 20:26:22 UTC,2019-07-06 20:28:37 UTC
Od gəlin,5,read,2019-07-06 20:27:00 UTC,2019-12-31 15:38:01 UTC
The Promise of Politics,4,read,2019-12-15 07:45:54 UTC,2019-12-15 07:45:55 UTC
"Lejyon (Lejyon, #1)",5,read,2019-12-31 15:38:23 UTC,2019-12-31 15:38:43 UTC
"Kayıp Cesedin Peşinde (Lejyon, #2)",5,read,2019-12-31 15:39:01 UTC,2019-12-31 15:39:20 UTC
"Uyumsuz (Divergent, #1)",4,read,2020-01-03 11:45:35 UTC,2020-01-12 19:13:32 UTC
"Prisoners of Geography: Ten Maps That Tell You Everything You Need to Know About Global Politics (Politics of Place, #1)",5,read,2020-01-12 19:14:12 UTC,2020-01-22 20:33:32 UTC
Starry Night,5,read,2020-01-21 14:24:25 UTC,2020-01-21 21:18:56 UTC
Onlar da İnsandı,5,read,2020-01-22 20:34:53 UTC,2020-08-01 16:34:41 UTC
A Young People's History of the United States,5,read,2020-03-07 19:34:36 UTC,2020-03-07 19:34:58 UTC
Tek Kanatlı Bir Kuş,5,read,2020-03-09 13:19:23 UTC,2020-06-10 22:06:22 UTC
Sadist,4,read,2020-06-02 21:29:17 UTC,2026-04-05 15:33:55 UTC
D'eau et de feu,3,read,2020-06-07 22:15:02 UTC,2020-06-10 07:34:05 UTC
Animal Farm,5,read,2020-06-10 11:57:34 UTC,2020-06-10 22:04:18 UTC
One Amazing Thing,4,read,2020-06-10 22:05:22 UTC,2020-06-14 20:15:16 UTC
"Sandstorm (Sigma Force, #1)",5,read,2020-06-20 08:07:37 UTC,2020-06-22 19:07:08 UTC
"Guns, Germs, and Steel: The Fates of Human Societies",5,read,2020-06-24 21:20:58 UTC,2020-07-10 20:53:49 UTC
Collapse: How Societies Choose to Fail or Succeed,0,to-read,2020-06-24 21:21:54 UTC,2020-06-24 21:21:54 UTC
"Upheaval: Turning Points for Nations in Crisis (Civilizations Rise and Fall, #3)",0,to-read,2020-06-24 21:21:56 UTC,2020-06-24 21:21:56 UTC
"The Queen's Poisoner (Kingfountain, #1)",0,to-read,2020-06-26 10:44:55 UTC,2020-06-26 10:44:55 UTC
"Suddenly Psychic (Glimmer Lake, #1)",0,to-read,2020-06-26 18:50:31 UTC,2020-06-26 18:50:31 UTC
Evvel Zaman İçinde,4,read,2020-06-28 07:17:19 UTC,2020-07-09 21:03:52 UTC
Kirli Ağustos,0,to-read,2020-07-02 11:26:13 UTC,2020-07-02 11:26:13 UTC
"Forest of Souls (Shamanborn, #1)",0,to-read,2020-07-02 20:12:51 UTC,2020-07-02 20:12:51 UTC
"Map of Bones (Sigma Force, #2)",4,read,2020-07-13 18:43:37 UTC,2020-07-15 19:43:39 UTC
Me Without You,5,read,2020-07-19 19:00:28 UTC,2020-07-24 21:03:40 UTC
"The Unhoneymooners (Unhoneymooners, #1)",5,read,2020-07-20 09:26:48 UTC,2020-10-04 08:26:52 UTC
Prenses Bari,3,read,2020-07-24 21:04:24 UTC,2021-01-31 19:25:22 UTC
The Ocean at the End of the Lane,5,read,2020-07-24 21:05:08 UTC,2020-10-09 05:16:21 UTC
Tepetaklak,1,read,2020-07-25 20:55:34 UTC,2020-07-27 11:26:36 UTC
Zorba,0,to-read,2020-07-30 16:18:39 UTC,2020-07-30 16:18:39 UTC
Təbriz namusu,0,to-read,2020-08-07 18:59:54 UTC,2020-08-07 18:59:54 UTC
"Hava Uyanıyor (Air Awakens, #1)",0,read,2020-08-07 19:00:26 UTC,2020-08-11 20:31:01 UTC
"The Passengers (Dark Future, #2)",0,to-read,2020-08-18 16:26:46 UTC,2020-08-18 16:26:46 UTC
"The Hunt for Atlantis (Nina Wilde & Eddie Chase, #1)",0,to-read,2020-08-25 15:47:55 UTC,2020-08-25 15:47:55 UTC
"Seçilmiş Olanlar (The Chosen Ones, #1)",0,to-read,2020-09-06 09:46:58 UTC,2020-09-06 09:46:59 UTC
Küçük Mucizeler Dükkanı,5,read,2020-10-01 21:28:41 UTC,2020-10-01 21:29:22 UTC
The Art of War,5,read,2020-10-04 08:27:20 UTC,2021-12-14 17:23:19 UTC
"Evrenin Ötesi (Across the Universe, #1)",5,read,2020-10-09 17:46:28 UTC,2020-10-10 12:47:30 UTC
"Bir Milyon Güneş (Across the Universe, #2)",4,read,2020-10-10 13:17:08 UTC,2020-10-11 19:58:32 UTC
Salt to the Sea,0,to-read,2020-10-10 13:26:01 UTC,2020-10-10 13:26:02 UTC
Dünyanın Gölgesi,5,read,2020-10-12 15:25:58 UTC,2020-10-14 17:21:02 UTC
"The Midnight Library (The Midnight World, #1)",5,read,2020-11-26 15:08:35 UTC,2023-01-24 23:28:08 UTC
Cinderella Is Dead,0,to-read,2020-11-26 20:24:04 UTC,2020-11-26 20:24:05 UTC
I Will Judge You by Your Bookshelf,0,to-read,2020-11-28 20:01:05 UTC,2020-11-28 20:01:06 UTC
Genghis Khan and the Making of the Modern World,0,to-read,2020-12-22 09:14:09 UTC,2020-12-22 09:14:10 UTC
"Kaos İmgelemi - Edebiyatta, Sanatta, Bilimde",0,to-read,2020-12-22 09:14:18 UTC,2020-12-22 09:14:19 UTC
Mitoloji ve Cinsiyet: Viking İnançlarında Kadınların Tarihi,0,to-read,2020-12-22 09:14:24 UTC,2020-12-22 09:14:24 UTC
The Deal of a Lifetime,0,to-read,2020-12-22 13:26:02 UTC,2020-12-22 13:26:02 UTC
"Qoy o, bizimlə qalsın",0,to-read,2020-12-22 13:26:17 UTC,2020-12-22 13:26:17 UTC
The Girl with the Louding Voice,0,to-read,2020-12-26 21:16:42 UTC,2020-12-26 21:16:43 UTC
Hay bin Yakzan,0,to-read,2021-01-07 13:04:06 UTC,2021-01-07 13:04:07 UTC
Kabildə bir kitabçı,0,to-read,2021-01-26 19:10:27 UTC,2021-01-26 19:10:27 UTC
"Gölge ve Kemik  (The Grisha, #1)",3,read,2021-01-26 19:10:54 UTC,2021-11-11 19:45:11 UTC
The Prince,5,read,2021-01-27 14:03:58 UTC,2022-05-02 10:39:00 UTC
Other Words for Home,0,to-read,2021-01-31 19:25:07 UTC,2021-01-31 19:25:08 UTC
Gelirken Ekmek Al,5,read,2021-02-04 10:45:31 UTC,2021-02-08 19:49:47 UTC
Bir Kalbin Çöküşü,0,read,2021-02-11 22:02:48 UTC,2021-02-11 22:02:49 UTC
"Dear Ijeawele, or A Feminist Manifesto in Fifteen Suggestions",5,read,2021-02-14 05:52:55 UTC,2021-02-15 08:16:48 UTC
Kişisiz ev,4,read,2021-02-17 19:43:22 UTC,2021-03-04 11:09:03 UTC
Gözlerinin Ardında,5,read,2021-02-19 15:41:34 UTC,2021-02-28 17:17:49 UTC
Qara paltarlı qadın,0,to-read,2021-02-20 06:17:24 UTC,2021-02-20 06:17:25 UTC
Kuşatma ve Fırtına (The Grisha #2),0,to-read,2021-02-21 21:19:42 UTC,2021-02-21 21:19:43 UTC
Kızların Suskunluğu,0,to-read,2021-02-21 21:19:44 UTC,2021-02-21 21:19:45 UTC
The Girl with the Golden Scissors,0,to-read,2021-03-21 06:03:26 UTC,2021-03-21 06:03:26 UTC
"Serpent & Dove (Serpent & Dove, #1)",0,to-read,2021-04-05 17:34:09 UTC,2021-04-05 17:34:09 UTC
"An Ember in the Ashes (An Ember in the Ashes, #1)",5,read,2021-05-23 13:58:44 UTC,2025-12-29 00:49:10 UTC
The Switch,0,to-read,2021-05-28 14:31:23 UTC,2021-05-28 14:31:23 UTC
"A Reaper at the Gates (An Ember in the Ashes, #3)",0,to-read,2021-05-31 22:04:56 UTC,2025-12-29 00:49:29 UTC
"The Moonfire Bride (Of Candlelight and Shadows, #1)",0,to-read,2021-06-01 16:36:23 UTC,2021-06-01 16:36:24 UTC
Can You See Me?,0,to-read,2021-06-01 23:09:35 UTC,2021-06-01 23:09:36 UTC
Grown,0,to-read,2021-06-01 23:11:14 UTC,2021-06-01 23:11:15 UTC
Soundless,0,to-read,2021-06-03 20:53:17 UTC,2021-06-03 20:53:18 UTC
Everything I Never Told You,0,to-read,2021-09-08 16:06:33 UTC,2021-09-08 16:06:33 UTC
The Lost Jewels,0,to-read,2021-09-10 19:27:33 UTC,2021-09-10 19:27:33 UTC
Deaf Republic,0,to-read,2021-09-10 20:28:27 UTC,2021-09-10 20:28:28 UTC
The Grace Year,5,read,2021-11-11 10:21:28 UTC,2021-11-11 10:24:02 UTC
Ugly Love,3,read,2021-11-11 19:42:55 UTC,2021-11-11 19:42:59 UTC
1982 Təvəllüdlü Kim Ci Yon,4,read,2021-11-11 19:43:59 UTC,2021-11-11 19:44:07 UTC
Four Lost Cities: A Secret History of the Urban Age,0,currently-reading,2021-11-16 08:49:58 UTC,2025-06-24 14:16:36 UTC
"Amari and the Night Brothers (Supernatural Investigations, #1)",0,to-read,2021-11-16 08:51:46 UTC,2021-11-16 08:51:47 UTC
Best Nerds Forever,0,to-read,2021-11-16 08:51:55 UTC,2021-11-16 08:51:56 UTC
"Tokyo Ever After (Tokyo Ever After, #1)",0,to-read,2021-11-16 08:52:10 UTC,2021-11-16 08:52:11 UTC
The Paper Swan,0,to-read,2021-11-23 11:17:38 UTC,2021-11-23 11:17:39 UTC
The Song of Achilles,0,to-read,2021-11-23 11:18:24 UTC,2021-11-23 11:18:24 UTC
"Iron Widow (Iron Widow, #1)",0,to-read,2021-11-23 17:36:08 UTC,2021-11-23 17:36:09 UTC
Sing Me Forgotten,0,to-read,2021-11-23 17:36:43 UTC,2021-11-23 17:36:44 UTC
Dashing Through the Snow,3,read,2021-11-23 21:06:40 UTC,2021-11-24 11:40:06 UTC
I've Got Your Number,5,read,2021-11-24 20:42:42 UTC,2021-11-24 20:42:47 UTC
Coraline,4,read,2021-11-24 20:44:06 UTC,2021-11-24 20:44:09 UTC
"Bad Romeo (Starcrossed, #1)",3,read,2021-11-24 20:44:38 UTC,2021-11-24 20:44:42 UTC
"Broken Juliet (Starcrossed, #2)",3,read,2021-11-24 20:45:05 UTC,2021-12-20 08:16:16 UTC
Can You Keep a Secret?,4,read,2021-11-24 20:46:08 UTC,2021-12-02 21:21:24 UTC
The Seven Husbands of Evelyn Hugo,5,read,2021-11-24 20:47:05 UTC,2021-12-24 20:40:41 UTC
Josh and Hazel's Guide to Not Dating,3,read,2021-11-24 20:47:23 UTC,2021-12-28 18:18:09 UTC
"Kingdom of the Wicked (Kingdom of the Wicked, #1)",0,to-read,2021-12-02 21:23:30 UTC,2021-12-02 21:23:30 UTC
"Hunting Prince Dracula (Stalking Jack the Ripper, #2)",0,to-read,2021-12-02 21:23:34 UTC,2021-12-02 21:23:34 UTC
"Escaping from Houdini (Stalking Jack the Ripper, #3)",0,to-read,2021-12-02 21:23:34 UTC,2021-12-02 21:23:34 UTC
"Kingdom of the Cursed (Kingdom of the Wicked, #2)",0,to-read,2021-12-02 21:23:36 UTC,2021-12-02 21:23:37 UTC
"Capturing the Devil (Stalking Jack the Ripper, #4)",0,to-read,2021-12-02 21:23:37 UTC,2021-12-02 21:23:38 UTC
"The Spanish Love Deception (Love Deception, #1)",5,read,2021-12-03 06:17:54 UTC,2021-12-18 12:15:12 UTC
Once There Were Wolves,0,to-read,2021-12-03 07:09:05 UTC,2021-12-03 07:09:05 UTC
"The Smoke Thieves (The Smoke Thieves, #1)",0,to-read,2021-12-05 10:03:17 UTC,2021-12-05 10:03:17 UTC
Kitapları Kurtaran Kedi,5,read,2021-12-06 14:50:48 UTC,2021-12-31 18:42:39 UTC
The Love Hypothesis,5,read,2021-12-08 17:44:24 UTC,2021-12-14 11:08:29 UTC
Kehribar Geçidi,0,to-read,2021-12-15 13:15:26 UTC,2021-12-15 13:15:26 UTC
"These Violent Delights (These Violent Delights, #1)",0,to-read,2021-12-16 08:58:37 UTC,2021-12-16 08:58:38 UTC
"Our Violent Ends (These Violent Delights, #2)",0,to-read,2021-12-18 09:01:14 UTC,2021-12-18 09:01:15 UTC
"Gild (The Plated Prisoner, #1)",0,to-read,2021-12-20 08:15:58 UTC,2021-12-20 08:15:59 UTC
10 Blind Dates,4,read,2021-12-20 09:00:20 UTC,2021-12-22 10:28:02 UTC
"She's Such a Geek!: Women Write About Science, Technology, and Other Nerdy Stuff",0,to-read,2021-12-20 21:29:26 UTC,2021-12-20 21:29:27 UTC
The Lost City of the Monkey God,0,to-read,2021-12-20 21:30:28 UTC,2021-12-20 21:30:29 UTC
"The Crossing Places (Ruth Galloway, #1)",0,to-read,2021-12-20 21:32:11 UTC,2021-12-20 21:32:11 UTC
Dumanlı qitələr atlası,0,to-read,2021-12-21 11:29:00 UTC,2021-12-21 11:29:01 UTC
Şükriyyə taleyim,0,read,2021-12-22 10:28:52 UTC,2021-12-22 10:28:53 UTC
"It Ends with Us (It Ends with Us, #1)",5,read,2021-12-22 15:47:03 UTC,2022-01-23 19:55:42 UTC
Daisy Jones & The Six,0,to-read,2021-12-24 20:55:04 UTC,2021-12-24 20:55:05 UTC
Lovely War,0,to-read,2021-12-25 21:55:51 UTC,2021-12-25 21:55:52 UTC
Jingle All the Way,5,read,2021-12-28 16:01:28 UTC,2021-12-29 14:49:33 UTC
"Daughter of the Pirate King (Daughter of the Pirate King, #1)",0,to-read,2021-12-29 12:37:37 UTC,2021-12-29 12:37:38 UTC
Günler Aylar Yıllar,5,read,2022-01-01 17:45:52 UTC,2022-01-29 16:56:43 UTC
"The Light at the Bottom of the World (Light the Abyss, #1)",0,to-read,2022-01-03 11:13:24 UTC,2022-01-03 11:13:24 UTC
"Spin the Dawn (The Blood of Stars, #1)",5,read,2022-01-03 19:48:09 UTC,2022-01-30 16:27:45 UTC
"Unravel the Dusk  (The Blood of Stars, #2)",3,read,2022-01-03 19:48:36 UTC,2023-01-09 00:06:55 UTC
"The Dragon Republic (The Poppy War, #2)",0,to-read,2022-01-03 19:48:58 UTC,2022-01-03 19:48:58 UTC
Püsküllü Deve,0,read,2022-01-05 08:24:49 UTC,2022-01-05 08:24:50 UTC
"Daughter of the Moon Goddess (The Celestial Kingdom, #1)",0,to-read,2022-01-07 18:28:27 UTC,2022-01-07 18:28:27 UTC
İstasyon On Bir,0,to-read,2022-01-10 20:49:10 UTC,2022-01-10 20:49:11 UTC
"The Sins of the Father (The Clifton Chronicles, #2)",0,to-read,2022-01-18 17:46:18 UTC,2022-01-18 17:46:18 UTC
The Rape of Nanking: The Forgotten Holocaust of World War II,0,to-read,2022-01-29 15:44:34 UTC,2022-01-29 15:44:35 UTC
Orhan Pamuk'a Satmak İstediğim Roman,0,to-read,2022-02-06 15:18:08 UTC,2022-02-06 15:18:09 UTC
Vejetaryen,3,read,2022-05-30 18:02:58 UTC,2022-06-04 20:05:20 UTC
Deli Tarla,5,read,2022-06-04 20:05:45 UTC,2022-06-07 21:03:52 UTC
The Dawn of Everything: A New History of Humanity,0,to-read,2022-06-06 05:54:33 UTC,2022-06-06 05:54:34 UTC
Where the Lost Wander,0,to-read,2022-06-06 05:58:17 UTC,2022-06-06 05:58:18 UTC
From Sand and Ash,0,to-read,2022-06-06 05:58:19 UTC,2022-06-06 05:58:20 UTC
Hotel Silence,0,to-read,2022-06-08 05:12:23 UTC,2022-06-08 05:12:24 UTC
"Beauty and the Baller (Strangers in Love, #1)",0,to-read,2022-06-08 20:54:53 UTC,2022-06-08 20:54:54 UTC
Dehşetler ve Uzmanlar,0,to-read,2022-06-22 18:39:09 UTC,2022-06-22 18:39:09 UTC
Uçabileceğini Hayal Eden Tavuk,5,read,2022-07-10 11:43:05 UTC,2022-07-12 16:57:48 UTC
The Bookshop of Dust and Dreams,0,to-read,2022-07-30 10:36:52 UTC,2022-07-30 10:36:52 UTC
Geceyarısı Kavşağı,4,read,2022-07-31 20:24:38 UTC,2022-08-07 13:24:57 UTC
Neden Çocuk Kitapları Okumalıyız,0,to-read,2022-08-01 21:03:20 UTC,2022-08-01 21:03:20 UTC
After Dunkirk (After Dunkirk #1),0,to-read,2022-08-01 21:04:41 UTC,2022-08-01 21:04:42 UTC
Aqibət duyğusu,5,read,2022-08-06 20:33:46 UTC,2022-08-07 13:24:53 UTC
Seksen Günde Dünya Gezisi,5,read,2022-08-07 13:25:59 UTC,2024-09-01 01:00:03 UTC
Adınla Çağır Beni,3,read,2022-08-13 21:45:16 UTC,2022-08-14 15:43:23 UTC
Qanadsız mələk,0,to-read,2022-08-13 21:46:10 UTC,2022-08-13 21:46:11 UTC
"Sustained (The Legal Briefs, #2)",4,read,2022-10-15 21:37:57 UTC,2022-10-15 21:38:00 UTC
"The Deal (Off-Campus, #1)",2,read,2022-10-15 21:38:11 UTC,2022-10-15 21:38:14 UTC
"Tangled (Tangled, #1)",1,read,2022-10-16 21:58:49 UTC,2022-10-22 16:34:57 UTC
"It Starts with Us (It Ends with Us, #2)",2,read,2022-10-22 16:34:27 UTC,2022-10-23 16:28:29 UTC
The Book Jumper,0,to-read,2022-10-28 06:44:07 UTC,2022-10-28 06:44:07 UTC
Nuhun gəmisi,0,to-read,2022-10-28 06:44:19 UTC,2022-10-28 06:44:20 UTC
Ölüm İncili,0,to-read,2022-11-16 09:39:36 UTC,2022-11-16 09:39:37 UTC
My Mechanical Romance,0,to-read,2022-11-16 10:42:25 UTC,2022-11-16 10:42:26 UTC
Tersyüz,5,read,2022-11-19 00:00:00 UTC,2022-11-20 17:49:52 UTC
In the Heart of the Sea: The Tragedy of the Whaleship Essex,0,to-read,2022-11-20 17:49:43 UTC,2022-11-20 17:49:43 UTC
Reflection,0,to-read,2022-11-27 22:25:41 UTC,2022-11-27 22:25:41 UTC
The Diamond Eye,0,to-read,2022-11-29 11:51:04 UTC,2022-11-29 11:51:04 UTC
Sea of Tranquility,0,to-read,2022-11-29 11:52:35 UTC,2022-11-29 11:52:35 UTC
All Quiet on the Western Front,0,to-read,2022-11-29 11:55:26 UTC,2022-11-29 11:55:27 UTC
Kalanlar,0,to-read,2022-11-29 11:58:18 UTC,2022-11-29 11:58:18 UTC
The Christmas Spirit,3,read,2022-12-01 22:18:12 UTC,2022-12-03 19:49:18 UTC
Masal Terapi,0,to-read,2022-12-03 23:14:06 UTC,2022-12-03 23:14:06 UTC
Yeni il nəğməsi,0,to-read,2022-12-11 00:10:31 UTC,2022-12-11 00:10:32 UTC
"Kül Gibi Kar (Snow Like Ashes, #1)",2,read,2023-01-04 08:02:26 UTC,2023-01-30 15:43:57 UTC
"Büyücünün Yeğeni (Narnia Günlükleri, #1)",5,read,2023-01-09 00:09:05 UTC,2023-01-13 22:41:34 UTC
Okuyucu,4,read,2023-01-09 00:09:23 UTC,2023-01-28 00:45:56 UTC
Highly Suspicious and Unfairly Cute,0,to-read,2023-01-15 20:16:44 UTC,2023-01-15 20:16:45 UTC
Lessons in Chemistry,5,read,2023-01-24 22:58:04 UTC,2025-03-03 20:42:42 UTC
Looking for Jane,0,to-read,2023-01-24 23:01:37 UTC,2023-01-24 23:01:37 UTC
"The Wager: A Tale of Shipwreck, Mutiny and Murder",0,to-read,2023-01-24 23:02:08 UTC,2023-01-24 23:02:09 UTC
Bavula Sığmayan,0,to-read,2023-01-25 12:37:42 UTC,2023-01-25 12:37:43 UTC
Normal People,0,to-read,2023-01-25 12:38:06 UTC,2023-01-25 12:38:06 UTC
The Lost Ticket,0,to-read,2023-01-25 12:38:20 UTC,2023-01-25 12:38:20 UTC
Göçüp Gidenler Koleksiyoncusu,5,read,2023-01-26 23:08:14 UTC,2023-01-28 17:30:36 UTC
"Before the Coffee Gets Cold (Before the Coffee Gets Cold, #1)",5,read,2023-01-26 23:09:46 UTC,2023-02-24 23:14:38 UTC
Miss Brodinin ömrünün baharı,3,read,2023-01-28 21:18:54 UTC,2023-10-15 16:21:05 UTC
Möcüzə,3,read,2023-01-28 21:19:05 UTC,2023-02-23 22:55:57 UTC
"Yedi Ucuz Şey Üzerinden Dünya Tarihi: Doğa, Para, Ekmek, Bakım, Gıda, Enerji, Yaşam",4,read,2023-01-31 09:06:41 UTC,2023-02-19 21:41:41 UTC
"Aslan, Cadı ve Dolap (Chronicles of Narnia, #1)",5,read,2023-01-31 13:48:07 UTC,2023-02-01 22:58:15 UTC
"At ve Çocuk (Narnia Günlükleri, #3)",5,read,2023-02-01 22:58:46 UTC,2023-03-04 22:52:58 UTC
Kabuk,2,read,2023-02-01 22:59:53 UTC,2025-05-11 00:39:26 UTC
The Last Chance Library,0,to-read,2023-02-01 23:00:36 UTC,2023-02-01 23:00:36 UTC
"Kara Düzen (Sigma Force, #3)",4,read,2023-02-01 23:01:14 UTC,2023-02-14 22:25:24 UTC
Breakfast with Seneca: A Stoic Guide to the Art of Living,0,to-read,2023-02-02 08:24:07 UTC,2023-02-02 08:24:07 UTC
All the Light We Cannot See,0,to-read,2023-02-02 12:54:28 UTC,2023-02-02 12:54:28 UTC
Windfall: The Booming Business of Global Warming,0,to-read,2023-02-02 12:57:52 UTC,2023-02-02 12:57:52 UTC
The Invention of Wings,0,to-read,2023-02-02 13:17:35 UTC,2023-02-02 13:17:35 UTC
Subterranean,0,to-read,2023-02-02 16:52:36 UTC,2023-02-02 16:52:37 UTC
Ecofeminism: Feminist Intersections with Other Animals and the Earth,0,to-read,2023-02-02 16:56:10 UTC,2023-02-02 16:56:11 UTC
This Changes Everything: Capitalism vs. The Climate,0,to-read,2023-02-02 16:56:13 UTC,2023-02-02 16:56:14 UTC
Replenish: The Virtuous Cycle of Water and Prosperity,0,to-read,2023-02-02 16:56:22 UTC,2023-02-02 16:56:22 UTC
Finding the Mother Tree: Discovering the Wisdom of the Forest,0,to-read,2023-02-05 23:20:25 UTC,2023-02-05 23:20:25 UTC
Love on the Brain,5,read,2023-02-09 07:31:52 UTC,2023-06-07 12:46:37 UTC
"The Cheat Sheet (The Cheat Sheet, #1)",0,to-read,2023-02-09 07:32:04 UTC,2023-02-09 07:32:05 UTC
The Dead Romantics,0,to-read,2023-02-09 07:32:41 UTC,2023-02-09 07:32:41 UTC
"Mr. Wrong Number (Mr. Wrong Number, #1)",0,to-read,2023-02-09 07:33:06 UTC,2023-02-09 07:33:06 UTC
"Sea of Ruin (Sea of Ruin, #1)",0,to-read,2023-02-09 07:33:22 UTC,2023-02-09 07:33:22 UTC
"The Druid (The Dawning of Muirwood, #1)",0,to-read,2023-02-09 07:34:10 UTC,2023-02-09 07:34:10 UTC
Snow Crash,0,to-read,2023-02-09 12:33:42 UTC,2023-02-09 12:33:42 UTC
When Breath Becomes Air,0,to-read,2023-02-14 22:19:27 UTC,2023-02-14 22:19:28 UTC
8-9 Senedir Kendimi İyi Hissetmiyorum,0,to-read,2023-02-14 22:19:42 UTC,2023-02-14 22:19:43 UTC
Masumiyet Müzesi,0,to-read,2023-02-14 22:30:01 UTC,2023-02-14 22:30:01 UTC
The Choice,0,to-read,2023-02-15 23:18:56 UTC,2023-02-15 23:18:56 UTC
Piranesi,0,to-read,2023-02-15 23:19:09 UTC,2023-02-15 23:19:09 UTC
"Toxic Tourism: Rhetorics of Pollution, Travel, and Environmental Justice",0,to-read,2023-02-16 09:57:26 UTC,2023-02-16 09:57:26 UTC
Herkunft,0,to-read,2023-02-16 22:39:13 UTC,2023-02-16 22:39:14 UTC
İstəksiz yuxugörənlər cəmiyyəti,0,to-read,2023-02-16 22:39:18 UTC,2023-02-16 22:39:18 UTC
The Orphans of Berlin,0,to-read,2023-02-19 21:41:17 UTC,2023-02-19 21:41:18 UTC
"Tales from the Cafe (Before the Coffee Gets Cold, #2)",0,to-read,2023-02-19 22:39:24 UTC,2023-02-19 22:39:25 UTC
"Before Your Memory Fades (Before the Coffee Gets Cold, #3)",0,to-read,2023-02-19 22:39:25 UTC,2023-02-19 22:39:25 UTC
What the Wind Knows,0,to-read,2023-02-19 23:22:16 UTC,2023-02-19 23:22:17 UTC
Everything Sad Is Untrue,0,to-read,2023-02-23 10:12:55 UTC,2025-12-29 00:52:04 UTC
"Ben, Kirke",4,read,2023-02-23 22:57:36 UTC,2023-06-05 08:35:21 UTC
Things My Son Needs to Know About the World,5,read,2023-02-26 17:03:30 UTC,2023-03-06 11:10:42 UTC
A Man Called Ove,0,to-read,2023-02-27 20:25:20 UTC,2023-02-27 20:25:20 UTC
Anxious People,0,to-read,2023-02-27 20:25:21 UTC,2023-02-27 20:25:21 UTC
My Grandmother Asked Me to Tell You She's Sorry,0,to-read,2023-02-27 20:25:24 UTC,2023-02-27 20:25:25 UTC
Britt-Marie Was Here,0,to-read,2023-02-27 20:25:26 UTC,2023-02-27 20:25:26 UTC
And Every Morning the Way Home Gets Longer and Longer,5,read,2023-02-27 20:25:27 UTC,2023-06-02 15:05:22 UTC
"The Girl Beneath the Sea (Underwater Investigation Unit, #1)",0,to-read,2023-02-27 22:49:27 UTC,2023-02-27 22:49:27 UTC
Migrations,0,to-read,2023-02-27 22:50:15 UTC,2023-02-27 22:50:15 UTC
Kendine Ait Bir Oda,5,read,2023-02-28 08:44:56 UTC,2023-03-02 17:48:42 UTC
The Radium Girls: The Dark Story of America’s Shining Women,0,to-read,2023-03-01 21:28:14 UTC,2026-01-04 20:40:03 UTC
"The Woman They Could Not Silence: One Woman, Her Incredible Fight for Freedom, and the Men Who Tried to Make Her Disappear",0,to-read,2023-03-01 21:28:37 UTC,2023-03-01 21:28:38 UTC
Beloved Beasts: Fighting for Life in an Age of Extinction,0,to-read,2023-03-01 21:39:08 UTC,2023-03-01 21:39:08 UTC
Leonard and Hungry Paul,0,to-read,2023-03-01 21:39:37 UTC,2023-03-01 21:39:37 UTC
SİRLİ BAĞ,0,to-read,2023-03-06 11:11:18 UTC,2023-03-06 11:11:18 UTC
Twenties Girl,5,read,2023-03-06 21:43:18 UTC,2023-03-11 14:42:40 UTC
Dedemin Bakkalı,5,read,2023-03-08 12:15:27 UTC,2023-03-08 13:03:14 UTC
Abartma Tozu (Ciltli),5,read,2023-03-10 11:09:24 UTC,2023-03-10 17:50:41 UTC
Tarihi Hoşça Kal Lokantası,0,to-read,2023-03-10 11:09:48 UTC,2023-03-10 11:09:49 UTC
Kalk Yerine Yat,0,to-read,2023-03-10 11:09:51 UTC,2023-03-10 11:09:51 UTC
Zirzəmi quşu,0,to-read,2023-03-10 15:21:04 UTC,2023-03-10 15:21:05 UTC
Batan Güneş,0,to-read,2023-03-10 22:13:17 UTC,2023-03-10 22:13:18 UTC
Kuş Masalları,4,read,2023-03-12 10:53:12 UTC,2023-03-12 12:17:57 UTC
My Not So Perfect Life,4,read,2023-03-13 07:40:33 UTC,2023-03-22 23:02:57 UTC
Oh Ne Âlâ Memleket,4,read,2023-03-13 15:52:48 UTC,2023-03-15 18:40:04 UTC
The Half Moon,0,to-read,2023-03-14 08:21:33 UTC,2023-03-14 08:21:33 UTC
Göğü Delen Adam,4,read,2023-03-16 09:52:03 UTC,2023-03-16 13:37:36 UTC
Divided: Why We're Living in an Age of Walls,0,to-read,2023-03-17 08:28:30 UTC,2023-03-17 08:28:30 UTC
A Little Life,0,to-read,2023-03-25 17:10:31 UTC,2024-07-02 03:08:20 UTC
37MM,0,to-read,2023-03-28 13:40:13 UTC,2023-03-28 13:40:14 UTC
"The Priory of the Orange Tree (The Roots of Chaos, #1)",0,to-read,2023-04-05 22:18:45 UTC,2023-04-05 22:18:46 UTC
Kayıp Kelimeler Sözlüğü,0,to-read,2023-04-06 12:14:11 UTC,2023-04-06 12:14:11 UTC
"Prince Caspian (Chronicles of Narnia, #2)",3,read,2023-04-14 22:45:14 UTC,2023-04-15 12:56:25 UTC
"The Voyage of the Dawn Treader (Chronicles of Narnia, #3)",4,read,2023-04-14 22:46:57 UTC,2023-12-22 22:22:39 UTC
Çağrı,0,to-read,2023-04-15 12:56:33 UTC,2023-04-15 12:56:34 UTC
Yeryüzünü Öpmek,5,read,2023-04-15 13:49:12 UTC,2023-12-25 17:26:22 UTC
Drive Your Plow Over the Bones of the Dead,0,to-read,2023-04-25 19:01:16 UTC,2023-04-25 19:01:17 UTC
"Tomorrow, and Tomorrow, and Tomorrow",3,read,2023-04-25 19:01:33 UTC,2025-04-24 11:33:07 UTC
The Book of Form and Emptiness,0,to-read,2023-04-25 19:11:52 UTC,2023-04-25 19:11:52 UTC
Weather,0,to-read,2023-04-25 19:12:54 UTC,2023-04-25 19:12:55 UTC
The Undomestic Goddess,3,read,2023-05-01 22:06:18 UTC,2023-05-04 19:44:28 UTC
Heaven,0,to-read,2023-05-09 12:14:54 UTC,2023-05-09 12:14:55 UTC
"The Maid (Molly the Maid, #1)",0,to-read,2023-05-10 14:53:46 UTC,2023-05-10 14:53:47 UTC
Do It Like a Woman... and Change the World,0,to-read,2023-05-11 18:26:00 UTC,2023-05-11 18:26:00 UTC
The Party Crasher,2,read,2023-05-12 20:41:55 UTC,2023-05-20 21:06:23 UTC
"Fix the System, Not the Women",0,to-read,2023-05-16 16:06:22 UTC,2023-05-16 16:06:23 UTC
She Speaks: The Power of Women's Voices,0,to-read,2023-05-16 16:06:30 UTC,2023-05-16 16:06:31 UTC
Remember Me?,2,read,2023-05-25 16:38:40 UTC,2023-05-28 13:38:51 UTC
"Below Zero (The STEMinist Novellas, #3)",4,read,2023-05-31 20:24:32 UTC,2023-06-02 15:05:12 UTC
10 Truths and a Dare,2,read,2023-05-31 20:24:51 UTC,2023-06-09 14:46:37 UTC
"Under One Roof (The STEMinist Novellas, #1)",4,read,2023-06-02 06:42:13 UTC,2023-06-04 07:09:26 UTC
"Stuck with You (The STEMinist Novellas, #2)",3,read,2023-06-02 06:42:14 UTC,2023-06-04 14:29:49 UTC
Same Time Next Summer,0,to-read,2023-06-05 08:58:14 UTC,2023-06-05 08:58:15 UTC
The Echo of Old Books,0,to-read,2023-06-05 08:58:20 UTC,2023-06-05 08:58:21 UTC
"The Bird and the Sword (The Bird and the Sword Chronicles, #1)",0,to-read,2023-06-06 20:13:53 UTC,2023-06-06 20:13:54 UTC
"Mortal Follies (The Mortal Follies, #1)",0,to-read,2023-06-11 22:11:35 UTC,2023-06-11 22:11:35 UTC
Beach Read,5,read,2023-06-12 19:12:39 UTC,2023-06-20 15:50:48 UTC
"The Kiss Quotient (The Kiss Quotient, #1)",3,read,2023-06-12 19:33:27 UTC,2023-06-13 11:30:01 UTC
Adelaide,0,to-read,2023-06-13 23:25:45 UTC,2023-06-13 23:25:46 UTC
Atalanta,0,to-read,2023-06-13 23:26:02 UTC,2023-06-13 23:26:03 UTC
Victory City,0,to-read,2023-06-13 23:26:06 UTC,2023-06-13 23:26:06 UTC
"Part of Your World (Part of Your World, #1)",4,read,2023-06-13 23:26:42 UTC,2024-07-15 05:57:59 UTC
You Could Make This Place Beautiful,0,to-read,2023-06-13 23:27:39 UTC,2023-06-13 23:27:40 UTC
"Love, Theoretically",4,read,2023-06-13 23:28:30 UTC,2023-06-14 22:34:09 UTC
Hello Stranger,0,to-read,2023-06-13 23:28:50 UTC,2023-06-13 23:28:50 UTC
"The Match (It Happened in Charleston, #1)",4,read,2023-06-15 21:44:40 UTC,2023-06-17 07:45:04 UTC
Dedem Bir Kiraz Ağacı,0,to-read,2023-06-16 06:53:52 UTC,2023-06-16 06:53:53 UTC
"When in Rome (When in Rome, #1)",4,read,2023-06-18 10:40:20 UTC,2023-06-18 13:34:57 UTC
"Practice Makes Perfect (When in Rome, #2)",3,read,2023-06-18 10:41:13 UTC,2023-06-18 19:26:54 UTC
Will They or Won't They,0,to-read,2023-06-18 20:29:59 UTC,2023-06-18 20:29:59 UTC
Happy Place,2,read,2023-06-20 22:09:48 UTC,2023-06-22 16:29:06 UTC
"The Temporary Roomie (It Happened in Nashville, #2)",2,read,2023-06-22 22:05:20 UTC,2023-06-25 17:25:13 UTC
Miras,0,to-read,2023-07-02 22:57:55 UTC,2023-07-02 22:57:56 UTC
Portağal Bağı,0,to-read,2023-07-06 06:35:39 UTC,2023-07-06 06:35:40 UTC
"Archer's Voice (Pelion Lake, #1)",5,read,2023-07-10 10:54:22 UTC,2023-07-22 14:52:34 UTC
Leo,2,read,2023-07-23 07:59:01 UTC,2023-07-23 10:15:50 UTC
Shipped,3,read,2023-07-25 20:43:50 UTC,2023-07-26 23:05:09 UTC
The Flatshare,0,to-read,2023-07-26 23:05:59 UTC,2023-07-26 23:06:00 UTC
Check & Mate,0,to-read,2023-07-28 11:38:06 UTC,2023-07-28 11:38:07 UTC
"Fourth Wing (The Empyrean, #1)",4,read,2023-08-24 07:49:41 UTC,2024-08-13 13:03:39 UTC
Elizabeth Finch,4,read,2023-08-24 21:26:05 UTC,2023-10-15 16:20:44 UTC
"Gümüş Sandalye (Narnia Günlükleri, #6)",3,read,2023-08-24 21:26:31 UTC,2023-12-22 22:22:50 UTC
"The Anti-Anxiety Program: A Workbook of Proven Strategies to Overcome Worry, Panic, and Phobias",0,to-read,2023-08-28 17:47:13 UTC,2023-08-28 17:47:14 UTC
The Story Collector,0,to-read,2023-09-02 10:58:43 UTC,2023-09-02 10:58:44 UTC
The Lost Bookshop,5,read,2023-09-02 10:58:47 UTC,2024-09-16 21:45:11 UTC
Same Bed Different Dreams,0,to-read,2023-11-05 23:55:40 UTC,2023-11-05 23:55:40 UTC
"Before We Say Goodbye (Before the Coffee Gets Cold, #4)",0,to-read,2023-11-05 23:55:49 UTC,2023-11-05 23:55:50 UTC
The Vulnerables,0,to-read,2023-11-05 23:56:03 UTC,2023-11-05 23:56:03 UTC
"Mistborn: The Final Empire (Mistborn, #1)",5,read,2023-11-22 23:31:57 UTC,2024-07-15 08:51:13 UTC
"The Way of Shadows (Night Angel, #1)",0,to-read,2023-11-22 23:33:05 UTC,2023-11-22 23:33:05 UTC
"Holiday Romance (Fitzpatrick Christmas, #1)",4,read,2023-12-06 13:49:39 UTC,2023-12-22 22:22:31 UTC
Grief Is for People,0,to-read,2023-12-11 23:28:48 UTC,2023-12-11 23:28:48 UTC
The Age of Magical Overthinking: Notes on Modern Irrationality,0,to-read,2023-12-11 23:28:57 UTC,2023-12-11 23:28:57 UTC
Bride,0,to-read,2023-12-11 23:29:16 UTC,2023-12-11 23:29:17 UTC
"A Fate Inked in Blood (Saga of the Unfated, #1)",0,to-read,2023-12-11 23:29:21 UTC,2023-12-11 23:29:21 UTC
The Book of Doors,0,to-read,2023-12-11 23:29:25 UTC,2023-12-11 23:29:25 UTC
The Book of Love,0,to-read,2023-12-11 23:29:27 UTC,2023-12-11 23:29:27 UTC
The Life Impossible,0,to-read,2023-12-11 23:29:37 UTC,2023-12-11 23:29:37 UTC
The Women,0,to-read,2023-12-11 23:29:41 UTC,2023-12-11 23:29:41 UTC
Yeni Yıl Dileği,4,read,2023-12-15 09:19:34 UTC,2023-12-23 17:34:18 UTC
"Snowed In (Fitzpatrick Christmas, #2)",3,read,2023-12-22 22:23:16 UTC,2023-12-25 17:25:32 UTC
The Christmas Clash,0,to-read,2023-12-23 17:34:29 UTC,2023-12-23 17:34:30 UTC
The Snow Girl,0,to-read,2023-12-27 22:01:23 UTC,2023-12-27 22:01:23 UTC
Never Enough: When Achievement Culture Becomes Toxic-and What We Can Do About It,0,to-read,2024-01-02 12:26:26 UTC,2024-01-02 12:26:27 UTC
Fight Right: How Successful Couples Turn Conflict Into Connection,0,to-read,2024-01-02 12:27:00 UTC,2024-01-02 12:27:01 UTC
The Fox on the Swing,5,read,2024-01-04 21:45:15 UTC,2024-01-04 21:46:56 UTC
Gezgin Kedinin Günlüğü,5,read,2024-01-09 20:49:27 UTC,2024-01-22 08:21:46 UTC
The Goodbye Cat,0,to-read,2024-01-09 20:49:36 UTC,2024-01-09 20:49:37 UTC
Söyleme Bilmesinler,4,read,2024-01-16 12:29:00 UTC,2024-04-07 17:46:30 UTC
Bir Karanlık Pencere (Çoban Kral Serisi #1),0,currently-reading,2024-01-18 08:15:30 UTC,2026-01-19 08:40:01 UTC
Kitabları xilas etmək istəyən qız,0,to-read,2024-01-18 08:19:05 UTC,2024-01-18 08:19:05 UTC
Dünyalılar,0,to-read,2024-01-18 08:19:15 UTC,2024-01-18 08:19:16 UTC
The Girl Who Speaks Bear,0,to-read,2024-01-18 08:43:54 UTC,2024-01-18 08:43:54 UTC
The House with Chicken Legs (The House with Chicken Legs #1),0,to-read,2024-01-18 08:44:00 UTC,2024-01-18 08:44:00 UTC
The Thief Who Sang Storms,0,to-read,2024-01-18 08:44:02 UTC,2024-01-18 08:44:03 UTC
The Castle of Tangled Magic,0,to-read,2024-01-18 08:44:04 UTC,2024-01-18 08:44:05 UTC
"The Last Bear (The Last Bear, #1)",0,to-read,2024-01-18 08:44:39 UTC,2024-01-18 08:44:39 UTC
The Fury,0,to-read,2024-01-18 08:45:22 UTC,2024-01-18 08:45:23 UTC
"The Plight Before Christmas (Holiday Hijinx, #1)",5,read,2024-01-20 00:26:28 UTC,2024-01-20 09:24:58 UTC
The Comfort Book,4,read,2024-01-20 11:49:46 UTC,2024-01-23 14:58:49 UTC
Red String Theory,0,to-read,2024-01-23 20:25:30 UTC,2024-01-23 20:25:30 UTC
"Legendborn (The Legendborn Cycle, #1)",0,to-read,2024-01-29 22:11:54 UTC,2024-01-29 22:11:54 UTC
The Dutch House,0,to-read,2024-02-02 12:18:49 UTC,2024-02-02 12:18:50 UTC
The Fox Wife,0,to-read,2024-02-16 18:47:32 UTC,2024-02-16 18:47:33 UTC
Alaskan Holiday,3,read,2024-03-18 18:48:40 UTC,2024-03-18 18:48:43 UTC
How to Read Nature: Awaken Your Senses to the Outdoors You’ve Never Noticed (Natural Navigation),0,to-read,2024-03-27 19:32:00 UTC,2024-03-27 19:32:00 UTC
A Short History of the World According to Sheep,0,to-read,2024-03-27 19:33:24 UTC,2024-03-27 19:33:24 UTC
The Deepest Map: The High-Stakes Race to Chart the World’s Oceans,0,to-read,2024-03-27 19:33:43 UTC,2024-03-27 19:33:43 UTC
Trespasses,0,to-read,2024-03-30 08:39:46 UTC,2024-03-30 08:39:47 UTC
Stoner,4,read,2024-03-30 09:06:17 UTC,2025-05-11 00:38:52 UTC
Atonement,0,to-read,2024-04-02 18:49:05 UTC,2025-12-29 00:54:07 UTC
Mən qorxmuram,0,to-read,2024-04-02 20:44:40 UTC,2024-04-02 20:44:40 UTC
How Beautiful We Were,0,to-read,2024-04-05 07:20:11 UTC,2024-04-05 07:20:12 UTC
What You Are Looking for Is in the Library,5,read,2024-04-07 21:02:35 UTC,2024-04-14 14:03:59 UTC
Welcome to the Hyunam-Dong Bookshop,4,read,2024-04-07 21:03:15 UTC,2024-06-15 08:41:55 UTC
The Details,0,to-read,2024-04-09 13:46:55 UTC,2024-04-09 13:46:55 UTC
The Night Agent,0,to-read,2024-04-10 10:59:26 UTC,2024-04-10 10:59:26 UTC
"Earth (The Elements, #2)",0,to-read,2024-04-13 14:36:47 UTC,2024-04-13 14:36:48 UTC
Badam,5,read,2024-04-13 14:38:46 UTC,2024-06-18 06:58:02 UTC
Violets,0,to-read,2024-04-13 14:39:20 UTC,2024-04-13 14:39:20 UTC
The Salt Path,0,to-read,2024-04-13 14:39:28 UTC,2024-04-13 14:39:29 UTC
I Went To See My Father,0,to-read,2024-04-13 17:25:59 UTC,2024-04-13 17:25:59 UTC
Dumanlı Təbriz,0,to-read,2024-04-15 16:18:03 UTC,2024-04-15 16:18:03 UTC
Amanabənd,0,to-read,2024-04-15 16:18:25 UTC,2024-04-15 16:18:25 UTC
Four Seasons in Japan,0,to-read,2024-04-16 17:23:38 UTC,2024-04-16 17:23:38 UTC
The Cat and The City,0,to-read,2024-04-16 17:24:02 UTC,2024-04-16 17:24:03 UTC
Convenience Store Woman,0,to-read,2024-04-16 17:24:27 UTC,2024-04-16 17:24:27 UTC
The Phone Box at the Edge of the World,0,to-read,2024-04-16 17:24:46 UTC,2024-04-16 17:24:46 UTC
"The Kamogawa Food Detectives (Kamogawa Food Detectives, #1)",0,to-read,2024-04-16 17:25:00 UTC,2024-04-16 17:25:01 UTC
She and Her Cat,0,to-read,2024-04-16 17:25:16 UTC,2024-04-16 17:25:16 UTC
"The Three-Body Problem (Remembrance of Earth’s Past, #1)",0,to-read,2024-04-21 12:57:52 UTC,2024-04-21 12:57:52 UTC
Mən onu sevirdim,0,to-read,2024-04-22 20:37:04 UTC,2024-04-22 20:37:04 UTC
Pir-i Lezzet!,0,to-read,2024-04-24 19:50:31 UTC,2024-04-24 19:50:31 UTC
The Night Circus,0,to-read,2024-04-27 20:11:08 UTC,2024-04-27 20:11:09 UTC
Pearl,0,to-read,2024-05-01 16:55:07 UTC,2024-05-01 16:55:07 UTC
How to Build a Boat,0,to-read,2024-05-01 16:55:16 UTC,2024-05-01 16:55:16 UTC
Unwell Women: Misdiagnosis and Myth in a Man-Made World,0,to-read,2024-05-02 08:48:26 UTC,2024-05-02 08:48:26 UTC
"The Fifth Season (The Broken Earth, #1)",0,to-read,2024-05-03 20:01:06 UTC,2024-05-03 20:01:07 UTC
"The Surviving Sky (Rages, #1)",0,to-read,2024-05-03 20:01:14 UTC,2024-05-03 20:01:14 UTC
Chain-Gang All-Stars,0,to-read,2024-05-03 20:01:30 UTC,2024-05-03 20:01:30 UTC
The Women Could Fly,0,to-read,2024-05-03 20:01:34 UTC,2024-05-03 20:01:34 UTC
"The Bone Shard Daughter (The Drowning Empire, #1)",0,to-read,2024-05-03 20:02:02 UTC,2024-05-03 20:02:02 UTC
"The Book That Wouldn’t Burn (The Library Trilogy, #1)",0,to-read,2024-05-03 20:02:11 UTC,2024-05-03 20:02:11 UTC
I Want to Die But I Want to Eat Tteokpokki,2,read,2024-05-08 21:25:07 UTC,2024-06-15 08:41:32 UTC
"He Who Drowned the World (The Radiant Emperor, #2)",0,to-read,2024-05-08 21:25:26 UTC,2024-05-08 21:25:26 UTC
"The Secret Keeper of Jaipur (The Jaipur Trilogy, #2)",0,to-read,2024-05-08 21:25:38 UTC,2024-05-08 21:25:38 UTC
Kor nöqtə,0,to-read,2024-05-08 21:25:41 UTC,2024-05-08 21:25:42 UTC
Dəniz,0,to-read,2024-05-08 21:27:07 UTC,2024-05-08 21:27:07 UTC
"A Court of Thorns and Roses (A Court of Thorns and Roses, #1)",4,read,2024-05-24 20:55:46 UTC,2024-05-30 02:23:15 UTC
"A Court of Mist and Fury (A Court of Thorns and Roses, #2)",5,read,2024-05-30 02:23:39 UTC,2024-06-10 10:57:26 UTC
"Unsteady (The Undone, #1)",0,to-read,2024-06-03 11:32:11 UTC,2024-06-03 11:32:12 UTC
Travma Haritası,0,to-read,2024-06-05 15:05:01 UTC,2024-06-05 15:05:01 UTC
The Rose Code,0,to-read,2024-06-05 15:05:09 UTC,2024-06-05 15:05:09 UTC
"Sunrise on the Reaping (The Hunger Games, #0.5)",0,to-read,2024-06-08 06:41:13 UTC,2025-12-29 00:46:14 UTC
"A Court of Wings and Ruin (A Court of Thorns and Roses, #3)",5,read,2024-06-10 10:57:33 UTC,2024-06-15 08:41:21 UTC
"A ​Court of Silver Flames (A Court of Thorns and Roses, #5)",1,read,2024-06-10 10:57:38 UTC,2024-06-17 14:48:01 UTC
"A Court of Frost and Starlight (A Court of Thorns and Roses, #4)",3,read,2024-06-10 10:57:41 UTC,2024-06-16 20:10:21 UTC
"Caraval (Caraval, #1)",3,read,2024-06-10 11:00:02 UTC,2025-07-02 22:26:22 UTC
Dörd sirli aləm və Novruz möcüzəsi,0,to-read,2024-06-10 11:12:44 UTC,2024-06-10 11:12:44 UTC
"This Woven Kingdom (This Woven Kingdom, #1)",0,to-read,2024-06-12 06:27:44 UTC,2024-06-12 06:27:44 UTC
"Five Broken Blades (The Broken Blades, #1)",0,to-read,2024-06-12 06:28:39 UTC,2024-06-12 06:28:39 UTC
Arthur and Teddy Are Coming Out,0,to-read,2024-06-13 08:40:57 UTC,2024-06-13 08:40:57 UTC
"The Merciless Ones (Deathless, #2)",0,to-read,2024-06-13 17:16:15 UTC,2024-06-13 17:16:15 UTC
"The Eternal Ones (Deathless, #3)",0,to-read,2024-06-13 17:16:23 UTC,2024-06-13 17:16:23 UTC
The Lion Women of Tehran,0,to-read,2024-06-16 21:51:30 UTC,2024-06-16 21:51:30 UTC
The Curse of the Flores Women,0,to-read,2024-06-18 20:35:53 UTC,2024-06-18 20:35:54 UTC
Diary of a Tuscan Bookshop: A Memoir,0,to-read,2024-06-18 20:35:58 UTC,2024-06-18 20:35:58 UTC
Rock Paper Scissors,0,to-read,2024-06-21 21:08:30 UTC,2024-06-21 21:08:31 UTC
"‎22 Bahnen (Tilda und Ida, #1)",0,to-read,2024-06-29 22:13:21 UTC,2024-06-29 22:13:21 UTC
"Just for the Summer (Part of Your World, #3)",5,read,2024-07-02 08:08:01 UTC,2024-07-02 15:30:31 UTC
Anastasia,0,to-read,2024-07-02 15:40:27 UTC,2024-07-02 15:40:27 UTC
"Fangirl Down (Big Shots, #1)",2,read,2024-07-02 19:05:39 UTC,2024-07-03 12:11:29 UTC
"A River Enchanted (Elements of Cadence, #1)",0,to-read,2024-07-06 05:18:37 UTC,2024-07-06 05:18:38 UTC
The Cartographers,0,to-read,2024-07-06 05:18:41 UTC,2024-07-06 05:18:42 UTC
"Life’s Too Short (The Friend Zone, #3)",4,read,2024-07-07 09:16:49 UTC,2024-07-07 09:37:12 UTC
The Rom-Commers,3,read,2024-07-07 21:03:42 UTC,2024-07-11 20:12:47 UTC
Summer Romance,4,read,2024-07-08 10:01:47 UTC,2024-07-09 10:08:57 UTC
Confronting Climate Coloniality (Routledge Advances in Climate Change Research),0,to-read,2024-07-09 10:09:19 UTC,2024-07-09 10:09:20 UTC
Light from Uncommon Stars,0,to-read,2024-07-09 10:09:44 UTC,2024-07-09 10:09:44 UTC
Tell Me an Ending,0,to-read,2024-07-09 10:10:00 UTC,2024-07-09 10:10:00 UTC
Termination Shock,0,to-read,2024-07-09 10:10:02 UTC,2024-07-09 10:10:02 UTC
Funny Story,5,read,2024-07-09 10:11:44 UTC,2024-07-11 20:12:59 UTC
"The Night Raven (The Moonwind Mysteries, #1)",0,to-read,2024-07-11 20:13:39 UTC,2024-07-11 20:13:39 UTC
"The Dragon's Promise (Six Crimson Cranes, #2)",0,to-read,2024-07-12 21:03:39 UTC,2024-07-12 21:03:40 UTC
Her Radiant Curse,0,to-read,2024-07-12 21:03:41 UTC,2024-07-12 21:03:41 UTC
Getting Real (Lakeside #3),2,read,2024-07-15 13:35:49 UTC,2024-07-15 14:14:28 UTC
Getting Schooled (Lakeside #1),2,read,2024-07-15 20:42:29 UTC,2024-07-15 22:18:30 UTC
Getting Played (Lakeside #2),2,read,2024-07-16 11:25:16 UTC,2024-07-16 14:58:27 UTC
All This & More,0,to-read,2024-07-17 05:21:00 UTC,2024-07-17 05:21:01 UTC
"The Bromance Book Club (Bromance Book Club, #1)",4,read,2024-07-17 05:34:58 UTC,2024-07-17 20:03:02 UTC
"The Rosie Project (Don Tillman, #1)",5,read,2024-07-19 21:40:35 UTC,2024-07-27 22:51:11 UTC
Name Your Price,0,to-read,2024-07-27 07:20:19 UTC,2024-07-27 07:20:19 UTC
Society of Lies,0,to-read,2024-08-02 22:27:24 UTC,2024-08-02 22:27:25 UTC
The Hidden Book,0,to-read,2024-08-02 22:27:37 UTC,2024-08-02 22:27:37 UTC
"Appealed (The Legal Briefs, #3)",3,read,2024-08-09 07:05:56 UTC,2024-08-09 10:58:37 UTC
"Iron Flame (The Empyrean, #2)",5,read,2024-08-13 13:03:49 UTC,2024-08-20 13:43:15 UTC
"Save You (Maxton Hall, #2)",2,read,2024-08-14 20:09:10 UTC,2024-08-14 20:09:27 UTC
The Phoenix Keeper,0,to-read,2024-08-15 20:51:23 UTC,2024-08-15 20:51:23 UTC
Mobility,0,to-read,2024-08-15 20:51:52 UTC,2024-08-15 20:51:52 UTC
"Onyx Storm (The Empyrean, #3)",1,read,2024-08-18 11:43:27 UTC,2025-02-25 10:20:08 UTC
"Harry Potter and the Chamber of Secrets (Harry Potter, #2)",5,read,2024-08-20 18:39:47 UTC,2025-03-04 20:22:22 UTC
"Out on a Limb (Out, #1)",5,read,2024-08-21 10:11:56 UTC,2024-08-21 14:43:32 UTC
"Next of Kin (Next, #1)",3,read,2024-08-21 14:43:39 UTC,2024-08-22 12:26:24 UTC
Set the Record Straight,0,to-read,2024-08-21 14:43:46 UTC,2024-08-21 14:43:46 UTC
"Out of the Woods (Out, #2)",0,to-read,2024-08-21 14:43:46 UTC,2024-08-21 14:43:46 UTC
Falling Like Stars,1,read,2024-08-23 09:18:05 UTC,2024-08-23 16:25:11 UTC
The Takeover (The Miles High Club #2),3,read,2024-08-25 08:43:48 UTC,2024-08-25 14:16:49 UTC
The Bookshop Woman,0,to-read,2024-08-25 08:44:42 UTC,2024-08-25 08:44:42 UTC
The Casanova (The Miles High Club #3),2,read,2024-08-26 17:53:53 UTC,2024-08-27 21:12:49 UTC
The Overstory,0,to-read,2024-08-27 11:57:28 UTC,2024-08-27 11:57:29 UTC
Playground,0,to-read,2024-08-27 11:57:30 UTC,2024-08-27 11:57:30 UTC
"Daydream (Maple Hills, #3)",3,read,2024-08-29 13:45:09 UTC,2024-08-29 20:15:52 UTC
Remarkably Bright Creatures,3,read,2024-08-29 20:15:42 UTC,2025-05-11 00:40:21 UTC
"Imogen, Obviously",0,to-read,2024-08-30 06:17:48 UTC,2024-08-30 06:17:48 UTC
The Seven Year Slip,0,to-read,2024-09-13 21:26:00 UTC,2024-09-13 21:26:00 UTC
The Booklover's Library,0,to-read,2024-09-16 21:45:05 UTC,2024-09-16 21:45:05 UTC
"The DallerGut Dream Department Store (DallerGut Dream Department Store, #1)",0,to-read,2024-09-18 22:33:16 UTC,2024-09-18 22:33:17 UTC
"The Christmas You Found Me (Heart of the Wilderness, #1)",4,read,2024-09-28 19:03:25 UTC,2024-11-04 07:16:23 UTC
A Very Irish Christmas,0,to-read,2024-09-28 19:04:43 UTC,2024-09-28 19:04:44 UTC
A Christmas Duet,0,to-read,2024-09-28 19:04:52 UTC,2024-09-28 19:04:52 UTC
Surprise Me,2,read,2024-10-01 21:11:55 UTC,2024-10-10 21:04:44 UTC
"The Pumpkin Spice Café (Dream Harbor, #1)",2,read,2024-10-03 20:47:10 UTC,2024-10-09 18:56:33 UTC
"The Christmas Tree Farm (Dream Harbor, #3)",1,read,2024-10-09 18:56:40 UTC,2024-11-10 20:03:54 UTC
"The Strawberry Patch Pancake House (Dream Harbor, #4)",0,to-read,2024-10-09 18:56:43 UTC,2024-10-09 18:56:43 UTC
Fire Weather: On the Front Lines of a Burning World,0,to-read,2024-10-10 21:04:30 UTC,2024-10-10 21:04:30 UTC
The Book Club Hotel,5,read,2024-10-11 10:05:12 UTC,2024-10-12 22:23:34 UTC
I Who Have Never Known Men,0,to-read,2024-10-15 20:41:41 UTC,2024-10-15 20:41:41 UTC
Gülseni Raz,0,to-read,2024-10-15 20:41:55 UTC,2025-06-14 08:57:49 UTC
A Song to Drown Rivers,0,to-read,2024-10-16 19:45:11 UTC,2024-10-16 19:45:12 UTC
"Heir (Heir Duology, #1)",0,to-read,2024-10-16 19:45:24 UTC,2024-10-16 19:45:24 UTC
The Elements of Marie Curie: How the Glow of Radium Lit a Path for Women in Science,0,to-read,2024-10-16 19:45:39 UTC,2024-10-16 19:45:39 UTC
Сезон отравленных плодов,0,to-read,2024-10-17 21:16:44 UTC,2024-10-17 21:16:45 UTC
The Girls I've Been,0,to-read,2024-10-17 21:17:42 UTC,2024-10-17 21:17:42 UTC
A Thousand Ships,0,to-read,2024-10-17 21:19:10 UTC,2024-10-17 21:19:10 UTC
The First Fifteen Lives of Harry August,0,to-read,2024-10-17 21:19:46 UTC,2024-10-17 21:19:46 UTC
All the Colours of the Dark,0,to-read,2024-10-17 21:20:09 UTC,2024-10-17 21:20:10 UTC
"The Wild Robot (The Wild Robot, #1)",0,to-read,2024-10-29 20:47:19 UTC,2024-10-29 20:47:19 UTC
Small Things Like These,0,to-read,2024-10-29 20:47:41 UTC,2024-10-29 20:47:42 UTC
Runaway Groomsman,0,to-read,2024-11-03 14:43:58 UTC,2024-11-03 14:43:59 UTC
Resting Scrooge Face,3,read,2024-11-04 07:16:42 UTC,2024-11-04 07:44:04 UTC
"If This Was a Movie (Evergreen Park, #2)",4,read,2024-11-05 07:41:39 UTC,2024-11-06 22:37:59 UTC
"Everyone This Christmas Has a Secret (Ernest Cunningham, #3)",0,to-read,2024-11-07 06:26:44 UTC,2024-11-07 06:26:45 UTC
The History of Sound,0,to-read,2024-11-07 06:26:50 UTC,2025-12-29 00:56:59 UTC
"We'll Prescribe You a Cat (We'll Prescribe You a Cat, #1)",0,to-read,2024-11-07 06:27:10 UTC,2024-11-07 06:27:10 UTC
In Memoriam,0,to-read,2024-11-07 06:27:21 UTC,2024-11-07 06:27:21 UTC
The Backyard Bird Chronicles,0,to-read,2024-11-07 06:27:40 UTC,2024-11-07 06:27:40 UTC
Holiday Hideaway,3,read,2024-11-07 11:32:42 UTC,2024-11-08 20:16:52 UTC
Coexistence: Stories,0,to-read,2024-11-08 20:37:58 UTC,2024-11-08 20:37:58 UTC
The Circle,0,to-read,2024-11-08 20:38:09 UTC,2024-11-08 20:38:09 UTC
Before We Were Innocent,0,to-read,2024-11-08 20:38:34 UTC,2024-11-08 20:38:34 UTC
The City and Its Uncertain Walls,0,to-read,2024-11-08 20:38:54 UTC,2024-11-08 20:38:55 UTC
City of Night Birds,0,to-read,2024-11-08 20:38:58 UTC,2024-11-08 20:38:58 UTC
The Teller of Small Fortunes,0,to-read,2024-11-08 21:39:29 UTC,2024-11-08 21:39:29 UTC
"Steelheart (The Reckoners, #1)",4,read,2024-11-09 20:30:10 UTC,2025-03-04 20:24:53 UTC
"Where the Library Hides (Secrets of the Nile, #2)",0,to-read,2024-11-09 21:03:12 UTC,2024-11-09 21:03:12 UTC
The Kitchen Front,0,to-read,2024-11-10 20:11:13 UTC,2024-11-10 20:11:13 UTC
Fire and Fury: Inside the Trump White House,0,to-read,2024-11-10 20:11:20 UTC,2024-11-10 20:11:20 UTC
"The Restaurant of Lost Recipes (Kamogawa Food Detectives, #2)",0,to-read,2024-11-11 09:41:56 UTC,2024-11-11 09:41:57 UTC
"The Housemaid (The Housemaid, #1)",3,read,2024-11-23 22:01:05 UTC,2024-11-24 15:50:00 UTC
"The Housemaid's Secret (The Housemaid, #2)",0,to-read,2024-11-23 22:01:11 UTC,2024-11-23 22:01:11 UTC
The Wedding People,0,to-read,2024-12-10 13:04:10 UTC,2024-12-10 13:04:11 UTC
The God of the Woods,0,currently-reading,2024-12-10 13:04:38 UTC,2026-04-01 10:41:53 UTC
"When the Moon Hatched (Moonfall, #1)",0,to-read,2024-12-10 13:05:10 UTC,2024-12-10 13:05:10 UTC
"Somewhere Beyond the Sea (Cerulean Chronicles, #2)",0,to-read,2024-12-10 13:05:21 UTC,2024-12-10 13:05:22 UTC
The Lost Story,0,to-read,2024-12-10 13:05:27 UTC,2024-12-10 13:05:27 UTC
Orbital,0,to-read,2024-12-10 13:05:43 UTC,2024-12-10 13:05:43 UTC
I Cheerfully Refuse,0,to-read,2024-12-10 13:05:49 UTC,2024-12-10 13:05:50 UTC
The Other Valley,0,to-read,2024-12-10 13:05:51 UTC,2024-12-10 13:05:51 UTC
"Absolution (Southern Reach, #4)",0,to-read,2024-12-10 13:05:54 UTC,2024-12-10 13:05:54 UTC
"Heartless Hunter (The Crimson Moth, #1)",0,to-read,2024-12-10 13:06:32 UTC,2024-12-10 13:06:32 UTC
It's Not Hysteria: Everything You Need to Know About Your Reproductive Health (But Were Never Told),0,to-read,2024-12-10 13:07:04 UTC,2024-12-10 13:07:04 UTC
All in Her Head: The Truth and Lies Early Medicine Taught Us About Women’s Bodies and Why It Matters Today,0,to-read,2024-12-10 13:07:09 UTC,2024-12-10 13:07:10 UTC
Women in the Valley of the Kings: The Untold Story of Women Egyptologists in the Gilded Age,0,to-read,2024-12-10 13:07:57 UTC,2024-12-10 13:07:58 UTC
"Beg, Borrow, or Steal (When in Rome, #3)",3,read,2025-01-02 19:02:44 UTC,2025-05-11 00:38:15 UTC
The Circus Train,0,to-read,2025-01-03 08:25:33 UTC,2025-01-03 08:25:33 UTC
Deep End,0,to-read,2025-01-03 08:26:08 UTC,2025-01-03 08:26:08 UTC
The Stolen Queen,0,to-read,2025-01-04 20:04:46 UTC,2025-01-04 20:04:47 UTC
Good Dirt,0,to-read,2025-01-04 20:05:04 UTC,2025-01-04 20:05:04 UTC
Dream Count,0,to-read,2025-01-04 20:05:19 UTC,2025-01-04 20:05:19 UTC
Wild Dark Shore,0,currently-reading,2025-01-04 20:05:25 UTC,2026-01-11 21:03:08 UTC
The Names,0,to-read,2025-01-04 20:05:38 UTC,2025-01-04 20:05:38 UTC
My Friends,4,read,2025-01-04 20:05:45 UTC,2026-01-20 14:39:35 UTC
The Queens of Crime,0,to-read,2025-01-04 20:06:32 UTC,2025-01-04 20:06:33 UTC
Water Moon,0,to-read,2025-01-04 20:06:59 UTC,2025-01-04 20:06:59 UTC
All the Water in the World,0,to-read,2025-01-04 20:07:12 UTC,2025-01-04 20:07:12 UTC
Death of the Author,0,to-read,2025-01-04 20:07:22 UTC,2025-01-04 20:07:22 UTC
The Memory Collectors,0,to-read,2025-01-04 20:07:33 UTC,2025-01-04 20:07:33 UTC
Say You'll Remember Me (Say You'll Remember Me #1),5,read,2025-01-04 20:07:58 UTC,2026-04-24 17:36:53 UTC
Great Big Beautiful Life,1,read,2025-01-04 20:08:26 UTC,2025-05-10 23:03:08 UTC
"The Knight and the Moth (The Stonewater Kingdom, #1)",0,to-read,2025-01-04 20:08:58 UTC,2025-01-04 20:08:58 UTC
"Realm of Ice and Sky: Triumph, Tragedy, and History's Greatest Arctic Rescue",0,to-read,2025-01-04 20:10:05 UTC,2025-12-29 01:03:59 UTC
Black in Blues: How a Color Tells the Story of My People,0,to-read,2025-01-04 20:10:15 UTC,2025-01-04 20:10:15 UTC
Memorial Days,0,to-read,2025-01-04 20:10:33 UTC,2025-01-04 20:10:33 UTC
Is a River Alive?,0,to-read,2025-01-04 20:10:51 UTC,2025-01-04 20:10:51 UTC
The River's Daughter,0,to-read,2025-01-04 20:10:59 UTC,2025-01-04 20:11:00 UTC
The Favorites,4,read,2025-02-11 22:43:58 UTC,2025-02-26 09:55:22 UTC
"The Hundred Thousand Kingdoms (Inheritance, #1)",0,to-read,2025-02-12 20:12:12 UTC,2025-02-12 20:12:12 UTC
They Never Learn,0,to-read,2025-02-14 20:12:52 UTC,2025-02-14 20:12:52 UTC
Temper,0,to-read,2025-02-14 20:12:57 UTC,2025-02-14 20:12:57 UTC
The Invisible Life of Addie LaRue,4,read,2025-02-15 17:20:48 UTC,2025-04-20 14:53:57 UTC
Awake in the Floating City,0,to-read,2025-02-22 19:38:33 UTC,2025-02-22 19:38:33 UTC
"The Sleight Before Christmas (Holiday Hijinx, #2)",0,to-read,2025-02-25 15:31:17 UTC,2025-02-25 15:31:17 UTC
Paralel dünyada,5,read,2025-02-26 13:24:40 UTC,2025-05-08 22:17:09 UTC
The Great Divide,0,to-read,2025-02-26 14:39:08 UTC,2025-02-26 14:39:09 UTC
The Personal Librarian,0,to-read,2025-02-26 14:39:12 UTC,2025-02-26 14:39:12 UTC
Great Circle,0,to-read,2025-02-26 14:39:19 UTC,2025-02-26 14:39:19 UTC
A Gentleman in Moscow,0,to-read,2025-02-26 14:39:25 UTC,2025-02-26 14:39:25 UTC
Invisible Women: Data Bias in a World Designed for Men,0,to-read,2025-03-03 20:43:28 UTC,2025-03-03 20:43:29 UTC
"Blood: The Science, Medicine, and Mythology of Menstruation",0,to-read,2025-03-03 20:43:44 UTC,2025-03-03 20:43:44 UTC
"Lady Justice: Women, the Law, and the Battle to Save America",0,to-read,2025-03-03 20:43:49 UTC,2025-03-03 20:43:49 UTC
The Mysterious Case of the Victorian Female Detective,0,to-read,2025-03-03 20:44:06 UTC,2025-03-03 20:44:06 UTC
Give Her Credit: The Untold Account of a Women's Bank That Empowered a Generation,0,to-read,2025-03-03 20:44:31 UTC,2025-03-03 20:44:31 UTC
The Water Dancer,0,to-read,2025-03-03 20:52:47 UTC,2025-03-03 20:52:47 UTC
"The Sea of Monsters (Percy Jackson and the Olympians, #2)",3,read,2025-03-03 22:14:41 UTC,2025-05-11 00:40:36 UTC
"The Lightning Thief (Percy Jackson and the Olympians, #1)",4,read,2025-03-03 22:15:49 UTC,2025-03-04 20:25:50 UTC
"Harry Potter and the Prisoner of Azkaban (Harry Potter, #3)",4,read,2025-03-05 13:22:44 UTC,2025-03-07 13:49:43 UTC
"Harry Potter and the Goblet of Fire (Harry Potter, #4)",5,read,2025-03-06 21:53:03 UTC,2025-05-11 00:31:53 UTC
"Harry Potter and the Order of the Phoenix (Harry Potter, #5)",0,to-read,2025-03-07 13:51:08 UTC,2025-12-29 00:42:18 UTC
"Harry Potter and the Half-Blood Prince (Harry Potter, #6)",0,to-read,2025-03-07 13:51:10 UTC,2025-12-29 00:42:43 UTC
"Harry Potter and the Deathly Hallows (Harry Potter, #7)",0,to-read,2025-03-07 13:51:11 UTC,2025-12-29 00:42:56 UTC
The Warbler,0,to-read,2025-03-09 09:10:35 UTC,2025-03-09 09:10:36 UTC
"Furies of Calderon (Codex Alera, #1)",0,to-read,2025-03-10 20:11:42 UTC,2025-03-10 20:11:43 UTC
"The Well of Ascension (Mistborn, #2)",0,to-read,2025-03-12 16:04:33 UTC,2025-03-12 16:04:33 UTC
"The Hero of Ages (Mistborn, #3)",0,to-read,2025-03-12 16:04:34 UTC,2025-03-12 16:04:35 UTC
"The Alloy of Law (Mistborn, #4)",0,to-read,2025-03-12 16:04:37 UTC,2025-03-12 16:04:37 UTC
"Shadows of Self (Mistborn, #5)",0,to-read,2025-03-12 16:04:39 UTC,2025-03-12 16:04:39 UTC
"The Bands of Mourning (Mistborn, #6)",0,to-read,2025-03-12 16:04:40 UTC,2025-03-12 16:04:40 UTC
"The Lost Metal (Mistborn, #7)",0,to-read,2025-03-12 16:04:41 UTC,2025-03-12 16:04:41 UTC
"Tress of the Emerald Sea (Hoid's Travails, #1)",0,to-read,2025-03-12 16:04:50 UTC,2025-03-12 16:04:50 UTC
"Elantris (Elantris, #1)",0,to-read,2025-03-12 16:04:56 UTC,2025-03-12 16:04:56 UTC
"The Search (Avatar: The Last Airbender, #2)",4,read,2025-03-13 08:55:24 UTC,2025-03-13 09:50:03 UTC
"The Promise (Avatar: The Last Airbender, #1)",5,read,2025-03-13 08:55:44 UTC,2025-05-11 00:35:08 UTC
"The Rift (Avatar: The Last Airbender, #3)",3,read,2025-03-13 08:56:36 UTC,2025-03-13 09:50:08 UTC
"Avatar: The Last Airbender - Smoke and Shadow (Avatar: The Last Airbender, #4)",3,read,2025-03-13 08:57:11 UTC,2025-03-13 11:52:12 UTC
"Avatar: The Last Airbender: North and South (Avatar: The Last Airbender, #5)",4,read,2025-03-13 13:11:27 UTC,2025-03-13 15:15:44 UTC
"Imbalance (Avatar: The Last Airbender, #6)",4,read,2025-03-13 13:11:31 UTC,2025-05-11 00:35:59 UTC
Avatar: The Last Airbender - The Lost Adventures,4,read,2025-03-13 21:05:39 UTC,2025-03-28 22:22:27 UTC
Avatar: The Last Airbender - Team Avatar Tales,3,read,2025-03-13 21:05:40 UTC,2025-05-11 00:36:33 UTC
"Suki, Alone (Avatar: The Last Airbender, #0.6)",4,read,2025-03-13 22:10:36 UTC,2025-03-29 07:47:20 UTC
Toph Beifong's Metalbending Academy,4,read,2025-03-13 22:10:41 UTC,2025-03-15 21:59:48 UTC
Azula in the Spirit Temple (Avatar: The Last Airbender),2,read,2025-03-13 22:10:45 UTC,2025-03-15 22:18:19 UTC
The Bounty Hunter and the Tea Brewer,5,read,2025-03-13 22:10:47 UTC,2025-03-21 21:55:29 UTC
Ashes of the Academy,5,read,2025-03-13 22:10:49 UTC,2025-03-29 07:31:24 UTC
Love for Imperfect Things: How to Accept Yourself in a World Striving for Perfection,0,to-read,2025-03-14 09:29:20 UTC,2025-03-14 09:29:20 UTC
A Wizard of Earthsea,0,to-read,2025-03-14 09:29:32 UTC,2025-03-14 09:29:32 UTC
The Tombs of Atuan,0,to-read,2025-03-14 09:29:37 UTC,2025-03-14 09:29:37 UTC
The Farthest Shore,0,to-read,2025-03-14 09:29:37 UTC,2025-03-14 09:29:38 UTC
Tehanu,0,to-read,2025-03-14 09:29:38 UTC,2025-03-14 09:29:39 UTC
Yellowface,4,read,2025-03-15 13:02:35 UTC,2025-03-16 12:43:06 UTC
The Postcard,0,to-read,2025-03-15 17:15:53 UTC,2025-03-15 17:15:54 UTC
"The Titan’s Curse (Percy Jackson and the Olympians, #3)",3,read,2025-03-15 21:05:37 UTC,2025-05-11 00:31:35 UTC
"The Battle of the Labyrinth (Percy Jackson and the Olympians, #4)",0,currently-reading,2025-03-15 21:05:48 UTC,2025-04-22 16:41:32 UTC
"The Last Olympian (Percy Jackson and the Olympians, #5)",0,to-read,2025-03-15 21:05:56 UTC,2025-03-15 21:05:56 UTC
"Katara and the Pirate's Silver (Avatar: The Last Airbender, #0.5)",4,read,2025-03-15 22:17:49 UTC,2025-03-16 12:43:56 UTC
"The Floating World (The Floating World, #1)",0,to-read,2025-03-17 07:45:00 UTC,2025-03-17 07:45:01 UTC
Xəzərin göz yaşları,0,to-read,2025-03-17 07:46:40 UTC,2025-03-17 07:46:40 UTC
Derindeki Her Şey,0,to-read,2025-03-20 10:07:57 UTC,2025-03-20 10:07:58 UTC
The Art of Statistics: How to Learn from Data,0,to-read,2025-03-20 22:48:11 UTC,2025-03-20 22:48:12 UTC
"First-Time Caller (Heartstrings, #1)",4,read,2025-03-24 20:40:36 UTC,2025-03-30 20:48:39 UTC
Su Kürü,0,to-read,2025-03-27 14:19:32 UTC,2025-03-27 14:19:32 UTC
"Girl, Woman, Other",0,to-read,2025-03-28 22:22:13 UTC,2025-03-28 22:22:14 UTC
"Saga, Volume 1",0,to-read,2025-03-29 12:49:33 UTC,2025-03-29 12:49:33 UTC
Overruled,0,to-read,2025-03-30 20:56:07 UTC,2025-03-30 20:56:08 UTC
"Promise Me Sunshine (Hearts of New York, #2)",0,to-read,2025-03-30 20:56:26 UTC,2025-03-30 20:56:26 UTC
"Ready Player One (Ready Player One, #1)",0,to-read,2025-04-02 20:51:11 UTC,2025-04-02 20:51:12 UTC
The Waves,0,to-read,2025-04-02 20:51:37 UTC,2025-04-02 20:51:38 UTC
The Library of Babel,0,to-read,2025-04-02 20:51:55 UTC,2025-04-02 20:51:55 UTC
The Bell Jar,0,to-read,2025-04-02 20:52:23 UTC,2025-04-02 20:52:23 UTC
James,0,to-read,2025-04-02 20:53:30 UTC,2025-04-02 20:53:30 UTC
"A Fate of Wrath & Flame (Fate & Flame, #1)",0,to-read,2025-04-05 08:05:21 UTC,2025-04-05 08:05:22 UTC
Heartwood,0,to-read,2025-04-05 08:06:05 UTC,2025-04-05 08:06:05 UTC
The Eights,0,to-read,2025-04-05 08:06:16 UTC,2025-04-05 08:06:16 UTC
Julie Chan Is Dead,0,to-read,2025-04-05 08:06:36 UTC,2025-04-05 08:06:36 UTC
Clear,0,to-read,2025-04-05 09:15:40 UTC,2025-04-05 09:15:41 UTC
Victim,0,to-read,2025-04-05 09:16:08 UTC,2025-04-05 09:16:08 UTC
"What Happened To You?: Conversations on Trauma, Resilience, and Healing",0,to-read,2025-04-06 08:52:17 UTC,2025-04-06 08:52:18 UTC
"The Silverblood Promise (The Last Legacy, #1)",0,to-read,2025-04-15 15:51:16 UTC,2025-04-15 15:51:16 UTC
"Mountains of Fire: The Menace, Meaning, and Magic of Volcanoes",0,to-read,2025-04-22 20:33:31 UTC,2025-04-22 20:33:32 UTC
Küçük Kadınlar,0,to-read,2025-04-24 21:59:50 UTC,2025-04-24 21:59:50 UTC
The Memory Police,0,to-read,2025-04-24 22:03:02 UTC,2025-04-24 22:03:03 UTC
Carrie Soto Is Back,3,read,2025-04-26 16:47:09 UTC,2025-05-10 23:09:27 UTC
Taxta məktub,0,to-read,2025-04-27 15:28:51 UTC,2025-04-27 15:28:52 UTC
The Amalfi Curse,0,to-read,2025-04-28 21:46:20 UTC,2025-04-28 21:46:20 UTC
"Skellig (Skellig, #1)",0,to-read,2025-04-29 17:18:33 UTC,2025-04-29 17:18:33 UTC
"One Golden Summer (Barry's Bay, #2)",0,to-read,2025-05-01 17:30:23 UTC,2025-05-01 17:30:23 UTC
"Juniper Hill (The Edens, #2)",4,read,2025-05-02 22:41:53 UTC,2025-05-10 23:05:10 UTC
"My Brilliant Friend (Neapolitan Novels, #1)",0,to-read,2025-05-04 15:06:14 UTC,2025-05-04 15:06:15 UTC
"The Darkest Minds (The Darkest Minds, #1)",5,read,2025-05-06 21:44:38 UTC,2025-05-08 22:13:26 UTC
"Never Fade (The Darkest Minds, #2)",0,currently-reading,2025-05-06 21:44:49 UTC,2025-05-09 10:53:03 UTC
"In the Afterlight (The Darkest Minds, #3)",0,to-read,2025-05-06 21:44:53 UTC,2025-05-06 21:44:53 UTC
"The Darkest Legacy (The Darkest Minds, #4)",0,to-read,2025-05-06 21:45:13 UTC,2025-05-06 21:45:13 UTC
We Do Not Part,0,to-read,2025-05-10 12:36:06 UTC,2025-05-10 12:36:06 UTC
Gifted & Talented,0,to-read,2025-05-10 12:36:18 UTC,2025-05-10 12:36:18 UTC
We Carry the Sea in Our Hands,0,to-read,2025-05-10 12:36:34 UTC,2025-05-10 12:36:34 UTC
The Sky Beneath Us,0,to-read,2025-05-10 23:11:22 UTC,2025-05-10 23:11:23 UTC
The Lifeline,0,to-read,2025-05-11 08:02:01 UTC,2025-05-11 08:02:01 UTC
Atmosphere,0,to-read,2025-05-12 22:08:38 UTC,2025-05-12 22:08:38 UTC
Bury Our Bones in the Midnight Soil,0,to-read,2025-05-12 22:10:17 UTC,2025-12-29 00:53:53 UTC
The Society of Unknowable Objects,0,to-read,2025-05-12 22:10:48 UTC,2025-05-12 22:10:48 UTC
Katabasis,0,to-read,2025-05-12 22:10:55 UTC,2025-05-12 22:10:55 UTC
The Poppy Fields,0,to-read,2025-05-12 22:11:23 UTC,2025-05-12 22:11:23 UTC
The Love Haters,0,to-read,2025-05-12 22:12:04 UTC,2025-05-12 22:12:04 UTC
"Problematic Summer Romance (Not in Love, #2)",2,read,2025-05-12 22:12:08 UTC,2025-06-08 10:00:25 UTC
The Women on Platform Two,0,to-read,2025-05-12 22:16:23 UTC,2025-05-12 22:16:23 UTC
In Ascension,0,to-read,2025-05-12 22:16:53 UTC,2025-05-12 22:16:54 UTC
The Blue Machine: How the Ocean Works,0,to-read,2025-05-12 22:16:57 UTC,2025-05-12 22:16:57 UTC
The Rainfall Market,0,to-read,2025-05-14 21:09:28 UTC,2025-05-14 21:09:28 UTC
"In Your Dreams (When in Rome, #4)",3,read,2025-05-19 21:04:29 UTC,2026-01-19 16:32:15 UTC
Kadim Tanrı'nın Zamanı,0,to-read,2025-05-24 21:35:52 UTC,2025-05-24 21:35:52 UTC
Heart Lamp: Selected Stories,0,to-read,2025-05-24 21:39:06 UTC,2025-05-24 21:39:06 UTC
"The Shadow of What Was Lost (The Licanius Trilogy, #1)",0,to-read,2025-05-24 21:39:15 UTC,2025-05-24 21:39:16 UTC
"Alchemy of Secrets (Alchemy of Secrets, #1)",0,to-read,2025-05-25 20:18:45 UTC,2025-05-25 20:18:46 UTC
"Anji Kills a King (The Rising Tide, #1)",0,to-read,2025-05-25 20:18:50 UTC,2025-05-25 20:18:50 UTC
Homeseeking,0,to-read,2025-05-25 20:19:05 UTC,2025-05-25 20:19:05 UTC
Broken Flames (The Elemental Arrangement #1),0,to-read,2025-05-31 09:30:19 UTC,2025-05-31 09:30:20 UTC
Why Vegan? (Penguin Great Ideas),0,to-read,2025-06-05 19:35:24 UTC,2025-06-05 19:35:25 UTC
"The Pillars of the Earth (Kingsbridge, #1)",0,to-read,2025-06-09 16:27:47 UTC,2025-06-09 16:27:48 UTC
"A Marriage at Sea: A True Story of Love, Obsession, and Shipwreck",0,to-read,2025-06-30 08:04:59 UTC,2025-06-30 08:04:59 UTC
"Story of My Life (Story Lake, #1)",2,read,2025-06-30 20:31:04 UTC,2025-07-02 22:26:09 UTC
Thirteen Ways to Smell a Tree: Getting to know trees through the language of scent,0,to-read,2025-06-30 22:04:24 UTC,2025-06-30 22:04:25 UTC
The Seven Moons of Maali Almeida,0,to-read,2025-07-01 13:34:28 UTC,2025-07-01 13:34:29 UTC
The Promise,0,to-read,2025-07-01 13:34:30 UTC,2025-07-01 13:34:30 UTC
Flights,0,to-read,2025-07-01 13:34:44 UTC,2025-07-01 13:34:44 UTC
The Swimmers,0,to-read,2025-07-01 13:35:01 UTC,2025-07-01 13:35:01 UTC
The Island of Sea Women,0,to-read,2025-07-06 21:39:22 UTC,2025-07-06 21:39:23 UTC
Timm Thaler oder Das verkaufte Lachen,0,to-read,2025-08-03 09:22:27 UTC,2025-08-03 09:22:27 UTC
Der Anfang von morgen,0,to-read,2025-08-03 18:27:24 UTC,2025-08-03 18:27:24 UTC
"Chibineko Mutfağı: Kalbe Dokunan Tatlar (Meals to Remember at the Chibineko Kitchen, #1)",0,to-read,2025-08-05 03:37:45 UTC,2025-08-05 03:37:45 UTC
The Frozen River,0,to-read,2025-08-07 18:22:05 UTC,2025-12-29 00:56:31 UTC
Voice of the Ocean,0,to-read,2025-08-11 19:58:01 UTC,2025-08-11 19:58:02 UTC
Amity,0,to-read,2025-08-18 18:46:25 UTC,2025-08-18 18:46:25 UTC
What We Can Know,0,to-read,2025-08-18 18:46:36 UTC,2025-08-18 18:46:37 UTC
Cursed Daughters,0,to-read,2025-08-18 18:46:53 UTC,2025-08-18 18:46:53 UTC
Canticle,0,to-read,2025-08-18 18:47:03 UTC,2025-08-18 18:47:04 UTC
"Fallen City (Fallen City Duology, #1)",0,to-read,2025-08-18 18:47:21 UTC,2025-08-18 18:47:21 UTC
Saltcrop,0,to-read,2025-08-18 18:47:49 UTC,2025-08-18 18:47:49 UTC
The Zorg: A Tale of Greed and Murder That Inspired the Abolition of Slavery,0,to-read,2025-08-18 18:48:59 UTC,2025-08-18 18:48:59 UTC
Miso Çorbasında,0,to-read,2025-08-31 09:47:13 UTC,2025-08-31 09:47:13 UTC
Creation Lake,0,to-read,2025-08-31 09:47:23 UTC,2025-08-31 09:47:23 UTC
Evil Eye,0,to-read,2025-09-11 15:06:33 UTC,2025-09-11 15:06:33 UTC
The Push,0,to-read,2025-09-11 15:06:35 UTC,2025-09-11 15:06:35 UTC
"Sırların Sırrı (Robert Langdon, #6)",0,to-read,2025-09-11 15:06:41 UTC,2025-09-11 15:06:41 UTC
Translation State,0,to-read,2025-09-20 20:49:39 UTC,2025-09-20 20:49:40 UTC
"The Monsters We Make: Murder, Obsession, and the Rise of Criminal Profiling",0,to-read,2025-10-04 23:18:20 UTC,2025-10-04 23:18:20 UTC
I Deliver Parcels in Beijing,0,to-read,2025-10-04 23:18:26 UTC,2025-10-04 23:18:26 UTC
Solyaris,0,to-read,2025-10-09 16:05:52 UTC,2025-10-09 16:05:53 UTC
Amongst Women,0,to-read,2025-10-27 22:36:37 UTC,2025-10-27 22:36:38 UTC
If I Had Your Face,0,to-read,2025-10-27 22:36:41 UTC,2025-10-27 22:36:42 UTC
"Beartown (Beartown, #1)",0,to-read,2025-11-01 21:22:33 UTC,2025-12-29 00:44:12 UTC
"Us Against You (Beartown, #2)",0,to-read,2025-11-01 21:25:06 UTC,2025-11-01 21:25:06 UTC
"The Winners (Beartown, #3)",0,to-read,2025-11-01 21:25:12 UTC,2025-11-01 21:25:12 UTC
"Powerless (The Powerless Trilogy, #1)",2,read,2025-11-06 13:33:44 UTC,2025-11-16 21:28:16 UTC
"Powerful (The Powerless Trilogy, #1.5)",0,to-read,2025-11-06 13:34:20 UTC,2025-11-06 13:34:21 UTC
"Reckless (The Powerless Trilogy, #2)",0,to-read,2025-11-06 13:34:23 UTC,2025-11-06 13:34:23 UTC
"Fearless (The Powerless Trilogy, #3)",0,to-read,2025-11-06 13:34:45 UTC,2025-11-06 13:34:45 UTC
The Wayfinder,0,to-read,2025-11-12 09:54:33 UTC,2025-11-12 09:54:34 UTC
To the Moon and Back,0,to-read,2025-11-12 09:54:38 UTC,2025-11-12 09:54:38 UTC
Waiting for the Long Night Moon: Stories,0,to-read,2025-11-12 09:54:41 UTC,2025-11-12 09:54:41 UTC
Hole in the Sky,0,to-read,2025-11-12 09:54:45 UTC,2025-11-12 09:54:46 UTC
"Moon of the Turning Leaves (Moon, #2)",0,to-read,2025-11-12 09:55:02 UTC,2025-11-12 09:55:02 UTC
Theory of Water: Nishnaabe Maps to the Times Ahead,0,to-read,2025-11-12 09:55:16 UTC,2025-11-12 09:55:16 UTC
"More Days at the Morisaki Bookshop (Days at the Morisaki Bookshop, #2)",0,to-read,2025-11-14 23:06:01 UTC,2025-11-14 23:06:01 UTC
"Days at the Torunka Café (Days at the Torunka Café, #1)",0,to-read,2025-11-14 23:06:02 UTC,2025-11-14 23:06:03 UTC
Amanat: Women’s Writing from Kazakhstan,0,to-read,2025-12-11 13:19:23 UTC,2025-12-11 13:19:24 UTC
"Where the Blame Lies (Where, #1)",4,read,2025-12-21 10:13:23 UTC,2025-12-21 17:46:37 UTC
Keeper of Lost Children,0,to-read,2025-12-21 17:47:11 UTC,2025-12-21 17:47:11 UTC
A Far-Flung Life,0,to-read,2025-12-21 19:25:57 UTC,2025-12-21 19:25:57 UTC
Love by the Book,0,to-read,2025-12-21 19:26:00 UTC,2025-12-21 19:26:00 UTC
Whistler,0,to-read,2025-12-21 19:26:06 UTC,2025-12-21 19:26:06 UTC
"To Ride a Rising Storm (Nampeshiweisit, #2)",0,to-read,2025-12-21 19:26:33 UTC,2025-12-21 19:26:33 UTC
The Astral Library,0,to-read,2025-12-21 19:26:35 UTC,2025-12-21 19:26:35 UTC
"And Now, Back to You (Heartstrings, #2)",0,to-read,2025-12-21 19:26:57 UTC,2025-12-21 19:26:58 UTC
Our Perfect Storm,0,to-read,2025-12-21 19:29:18 UTC,2025-12-21 19:29:18 UTC
The Night We Met,4,read,2025-12-21 19:29:21 UTC,2026-04-30 10:29:30 UTC
The Missed Connection,0,to-read,2025-12-21 19:30:31 UTC,2025-12-21 19:30:32 UTC
Every Version of You,0,to-read,2025-12-21 19:30:35 UTC,2025-12-21 19:30:35 UTC
The Escape Game,0,to-read,2025-12-21 19:31:02 UTC,2025-12-21 19:31:03 UTC
"A Torch Against the Night (An Ember in the Ashes, #2)",0,to-read,2025-12-29 00:49:20 UTC,2025-12-29 00:49:20 UTC
"A Sky Beyond the Storm (An Ember in the Ashes, #4)",0,to-read,2025-12-29 00:49:33 UTC,2025-12-29 00:49:38 UTC
The Count of Monte Cristo,0,to-read,2025-12-29 00:54:20 UTC,2025-12-29 00:54:21 UTC
Babel,0,to-read,2025-12-29 00:58:18 UTC,2025-12-29 00:58:18 UTC
Wuthering Heights,0,to-read,2025-12-29 01:06:27 UTC,2025-12-29 01:06:27 UTC
One Hundred Years of Solitude,0,to-read,2025-12-29 01:06:52 UTC,2025-12-29 01:06:53 UTC
Anna Karenina,0,to-read,2025-12-29 01:07:15 UTC,2025-12-29 01:07:16 UTC
A Clockwork Orange,0,to-read,2025-12-29 01:07:35 UTC,2025-12-29 01:07:35 UTC
The Name of the Rose,0,to-read,2025-12-29 01:08:42 UTC,2025-12-29 01:08:42 UTC
The Divine Comedy: Inferno - Purgatorio - Paradiso,0,to-read,2025-12-29 01:08:48 UTC,2025-12-29 01:08:49 UTC
"And Now, Back to You (Heartstrings, #2)",4,read,2026-01-04 20:40:55 UTC,2026-03-26 17:50:30 UTC
Grace & Henry's Holiday Movie Marathon,5,read,2026-01-04 20:41:09 UTC,2026-01-20 14:36:37 UTC
"A Psalm for the Wild-Built (Monk & Robot, #1)",0,to-read,2026-01-04 20:46:59 UTC,2026-01-04 20:46:59 UTC
"A Prayer for the Crown-Shy (Monk & Robot, #2)",0,to-read,2026-01-04 20:47:08 UTC,2026-01-04 20:47:08 UTC
The Glass Hotel,0,to-read,2026-01-04 20:47:51 UTC,2026-01-04 20:47:51 UTC
Untamed,0,to-read,2026-01-04 20:48:02 UTC,2026-01-04 20:48:02 UTC
"The Will of the Many (Hierarchy, #1)",0,to-read,2026-01-04 20:50:50 UTC,2026-01-04 20:50:50 UTC
Hamnet,0,to-read,2026-01-04 20:55:29 UTC,2026-01-04 20:55:29 UTC
Skylark,0,to-read,2026-01-11 21:09:58 UTC,2026-01-11 21:09:58 UTC
The Elsewhere Express,0,to-read,2026-01-11 21:10:31 UTC,2026-01-11 21:10:31 UTC
Family Drama,0,to-read,2026-01-15 21:43:46 UTC,2026-01-15 21:43:47 UTC
"Careless People: A Cautionary Tale of Power, Greed, and Lost Idealism",0,to-read,2026-01-15 21:51:08 UTC,2026-01-15 21:51:08 UTC
Malibu Rising,0,to-read,2026-01-15 22:01:38 UTC,2026-01-15 22:01:38 UTC
Margo's Got Money Troubles,0,to-read,2026-01-19 12:42:17 UTC,2026-01-19 12:42:18 UTC
Young Mungo,0,to-read,2026-01-19 12:44:34 UTC,2026-01-19 12:44:35 UTC
Outliers: The Story of Success,0,to-read,2026-01-19 12:49:32 UTC,2026-01-22 21:48:52 UTC
Where the Wildflowers Grow,0,to-read,2026-01-19 16:35:07 UTC,2026-01-19 16:35:07 UTC
The Master and Margarita,0,to-read,2026-01-20 10:46:43 UTC,2026-01-20 10:46:44 UTC
Spinning Silver,0,to-read,2026-01-20 10:47:05 UTC,2026-01-20 10:47:06 UTC
"The Passage (The Passage, #1)",0,to-read,2026-01-20 13:11:09 UTC,2026-01-20 13:11:10 UTC
"The Shadow of the Wind (The Cemetery of Forgotten Books, #1)",0,to-read,2026-01-20 13:11:36 UTC,2026-01-20 13:11:37 UTC
Isola,0,to-read,2026-01-20 13:13:19 UTC,2026-01-20 13:13:19 UTC
The Life Cycle of the Common Octopus,0,to-read,2026-01-20 13:13:38 UTC,2026-01-20 13:13:39 UTC
Flesh,0,to-read,2026-01-20 13:13:55 UTC,2026-01-20 13:13:55 UTC
Lavinia,0,to-read,2026-01-20 13:14:41 UTC,2026-01-20 13:14:41 UTC
The Crane Husband,0,to-read,2026-01-20 13:15:42 UTC,2026-01-20 13:15:43 UTC
The Anxious Generation: How the Great Rewiring of Childhood Caused an Epidemic of Mental Illness,0,to-read,2026-01-22 21:49:12 UTC,2026-01-22 21:49:13 UTC
Uprooted,0,to-read,2026-01-25 12:11:55 UTC,2026-01-25 12:11:55 UTC
"Written in the Waters: A Memoir of History, Home, and Belonging",0,to-read,2026-02-03 22:43:47 UTC,2026-02-03 22:43:48 UTC
Sisters in Science,0,to-read,2026-03-06 21:25:35 UTC,2026-03-06 21:25:36 UTC
"The Midnight Train (The Midnight World, #2)",0,currently-reading,2026-03-21 20:13:31 UTC,2026-07-31 20:59:37 UTC
Celestial Lights,0,to-read,2026-03-21 20:13:58 UTC,2026-03-21 20:13:58 UTC
"King of Gluttony (Kings of Sin, #6)",5,read,2026-03-21 20:14:34 UTC,2026-04-29 15:54:57 UTC
When the Forest Breathes: Renewal and Resilience in the Natural World,0,to-read,2026-03-21 20:16:00 UTC,2026-03-21 20:16:01 UTC
This Book Made Me Think of You,0,to-read,2026-03-21 20:17:49 UTC,2026-03-21 20:17:49 UTC
"Longtime Listener (Heartstrings, #3)",0,to-read,2026-03-26 17:49:40 UTC,2026-03-26 17:49:40 UTC
Two Can Play,3,read,2026-03-31 11:37:25 UTC,2026-03-31 11:37:35 UTC
The Correspondent,0,to-read,2026-04-18 11:14:28 UTC,2026-04-18 11:14:29 UTC
Is This a Cry for Help?,0,to-read,2026-04-18 11:14:42 UTC,2026-04-18 11:14:42 UTC
How to Write a Love Story,3,read,2026-04-24 17:36:22 UTC,2026-04-30 10:29:23 UTC
"King of Greed (Kings of Sin, #3)",5,read,2026-04-30 07:04:01 UTC,2026-04-30 10:28:53 UTC
"King of Lust (Kings of Sin, #7)",0,to-read,2026-04-30 07:04:16 UTC,2026-04-30 07:04:16 UTC
The Subtle Art of Folding Space,0,to-read,2026-05-02 13:19:55 UTC,2026-05-02 13:19:56 UTC
The Satisfaction Café,0,to-read,2026-05-02 13:20:31 UTC,2026-05-02 13:20:31 UTC
Good Soil: The Education of an Accidental Farmhand,0,to-read,2026-05-02 13:20:39 UTC,2026-05-02 13:20:40 UTC
"Hot Chocolate on Thursday (Marble Cafe, #1)",0,currently-reading,2026-05-03 05:37:19 UTC,2026-05-03 05:37:19 UTC
"The Mistake (Off-Campus, #2)",3,read,2026-05-21 13:33:12 UTC,2026-05-21 18:16:47 UTC
"The Score (Off-Campus, #3)",3,read,2026-05-21 13:33:17 UTC,2026-05-21 18:16:41 UTC
"The Goal (Off-Campus, #4)",3,read,2026-05-21 13:33:22 UTC,2026-05-21 18:16:34 UTC
"The Legacy (Off-Campus, #5)",5,read,2026-05-21 13:33:32 UTC,2026-05-21 18:16:27 UTC
"The Graham Effect (Campus Diaries, #1)",4,read,2026-05-21 13:34:12 UTC,2026-05-22 08:53:55 UTC
Love Song,2,read,2026-05-22 08:55:25 UTC,2026-05-22 20:29:16 UTC
The House of the Spirits,0,currently-reading,2026-05-22 20:30:17 UTC,2026-07-31 20:56:32 UTC
"The Chase (Briar U, #1)",2,read,2026-05-25 15:28:12 UTC,2026-05-25 15:29:14 UTC
"The Risk (Briar U, #2)",2,read,2026-05-25 15:28:28 UTC,2026-05-25 15:29:08 UTC
"The Play (Briar U, #3)",2,read,2026-05-25 15:28:31 UTC,2026-05-25 15:29:02 UTC
"Qraf Monte Kristo, I kitab",0,currently-reading,2026-07-31 20:56:15 UTC,2026-07-31 20:56:15 UTC
The Summer Book,0,currently-reading,2026-07-31 20:59:49 UTC,2026-07-31 20:59:52 UTC
The Time in Between,0,to-read,2026-07-31 21:18:51 UTC,2026-07-31 21:18:51 UTC
The Shampoo Effect,0,to-read,2026-08-01 07:29:44 UTC,2026-08-01 07:29:44 UTC
Everything was Beautiful and Nothing Hurt,0,to-read,2026-08-01 07:29:46 UTC,2026-08-01 07:29:47 UTC
The Good Parts,0,to-read,2026-08-01 07:29:53 UTC,2026-08-01 07:29:53 UTC
Everything to the Sea,0,to-read,2026-08-01 07:29:58 UTC,2026-08-01 07:29:59 UTC
The Unicorn Hunters,0,to-read,2026-08-01 07:30:39 UTC,2026-08-01 07:30:39 UTC
"Sea of Charms (Spellshop, #3)",0,to-read,2026-08-01 07:30:42 UTC,2026-08-01 07:30:42 UTC
Fishbone Cinderella,0,to-read,2026-08-01 07:30:44 UTC,2026-08-01 07:30:45 UTC
Habits of the Sea,0,to-read,2026-08-01 07:30:47 UTC,2026-08-01 07:30:48 UTC
Retro,0,to-read,2026-08-01 07:31:03 UTC,2026-08-01 07:31:03 UTC
Mudlark,0,to-read,2026-08-01 07:31:06 UTC,2026-08-01 07:31:07 UTC
Das Patriarchat der Dinge: Warum die Welt Frauen nicht passt,0,to-read,2026-08-13 18:27:18 UTC,2026-08-13 18:27:19 UTC
The Wild Beneath,0,to-read,2026-08-13 18:32:22 UTC,2026-08-13 18:32:23 UTC
Freyja,0,to-read,2026-08-13 18:32:30 UTC,2026-08-13 18:32:30 UTC
Nearshore,0,to-read,2026-08-13 18:32:40 UTC,2026-08-13 18:32:41 UTC
The Three Graces of Pearl Street,0,to-read,2026-08-13 18:32:44 UTC,2026-08-13 18:32:44 UTC
Istanbul Dreaming,0,to-read,2026-08-13 18:32:59 UTC,2026-08-13 18:32:59 UTC
The Stolen Women,0,to-read,2026-08-13 18:33:10 UTC,2026-08-13 18:33:10 UTC
Public Access Afterworld,0,to-read,2026-08-13 18:33:13 UTC,2026-08-13 18:33:13 UTC
"Venus, Vanishing: A Novel",0,to-read,2026-08-13 18:33:16 UTC,2026-08-13 18:33:17 UTC
The Shared Life of Egan and Lucian: A Novel,0,to-read,2026-08-13 18:33:20 UTC,2026-08-13 18:33:20 UTC
"The Empire Burns at Dawn (The Ages of Alifan, #1)",0,to-read,2026-08-13 18:34:07 UTC,2026-08-13 18:34:08 UTC
Winter Song,0,to-read,2026-08-13 18:34:12 UTC,2026-08-13 18:34:12 UTC
Call Off the Dark,0,to-read,2026-08-13 18:34:27 UTC,2026-08-13 18:34:28 UTC
